insert into SPORT(id_S,nom,milieu) values (1,"Natation","eau");
insert into SPORT(id_S,nom,milieu) values (2,"Athlétisme","piste");
insert into SPORT(id_S,nom,milieu) values (3,"Escrime","salle");
insert into SPORT(id_S,nom,milieu) values( 4,"Volley-Ball","salle");
insert into SPORT(id_S,nom,milieu) values( 5,"Handball","salle");

insert into PAYS(id_P,nom_P,nb_Or,nb_Argent,nb_Bronze) values(1,"France",null,null,null);
insert into PAYS(id_P,nom_P,nb_Or,nb_Argent,nb_Bronze) values(2,"Chine",null,null,null);
insert into PAYS(id_P,nom_P,nb_Or,nb_Argent,nb_Bronze) values(3,"Japon",null,null,null);
insert into PAYS(id_P,nom_P,nb_Or,nb_Argent,nb_Bronze) values(4,"USA",null,null,null);
insert into PAYS(id_P,nom_P,nb_Or,nb_Argent,nb_Bronze) values(5,"Kenya",null,null,null);
insert into PAYS(id_P,nom_P,nb_Or,nb_Argent,nb_Bronze) values(6,"Maroc",null,null,null);
insert into PAYS(id_P,nom_P,nb_Or,nb_Argent,nb_Bronze) values(7,"Allemagne",null,null,null);
insert into PAYS(id_P,nom_P,nb_Or,nb_Argent,nb_Bronze) values(8,"Australie",null,null,null);
insert into PAYS(id_P,nom_P,nb_Or,nb_Argent,nb_Bronze) values(9,"Brésil",null,null,null);
insert into PAYS(id_P,nom_P,nb_Or,nb_Argent,nb_Bronze) values(10,"Turquie",null,null,null);

insert into EQUIPE(id_E, nom_E,sexe_E) values(1, "France Natation 4x100m nage libre relais","F");
insert into EQUIPE(id_E, nom_E,sexe_E) values(2, "France Natation 4x100m nage libre relais","M");
insert into EQUIPE(id_E, nom_E,sexe_E) values(3, "France Handball","M");
insert into EQUIPE(id_E, nom_E,sexe_E) values(4, "France Handball","F");
insert into EQUIPE(id_E, nom_E,sexe_E) values(5, "France Volley-ball","F");
insert into EQUIPE(id_E, nom_E,sexe_E) values(6, "France Volley-ball","M");
insert into EQUIPE(id_E, nom_E,sexe_E) values(7, "France Athlétisme 4x100m relais","M");
insert into EQUIPE(id_E, nom_E,sexe_E) values(8, "France Athlétisme 4x100m relais","F");

insert into EQUIPE(id_E, nom_E,sexe_E) values(9, "Chine Natation 4x100m nage libre relais","F");
insert into EQUIPE(id_E, nom_E,sexe_E) values(10, "Chine Natation 4x100m nage libre relais","M");
insert into EQUIPE(id_E, nom_E,sexe_E) values(11, "Chine Handball","M");
insert into EQUIPE(id_E, nom_E,sexe_E) values(12, "Chine Handball","F");
insert into EQUIPE(id_E, nom_E,sexe_E) values(13, "Chine Volley-ball","F");
insert into EQUIPE(id_E, nom_E,sexe_E) values(14, "Chine Volley-ball","M");
insert into EQUIPE(id_E, nom_E,sexe_E) values(15, "Chine Athlétisme 4x100m relais","M");
insert into EQUIPE(id_E, nom_E,sexe_E) values(16, "Chine Athlétisme 4x100m relais","F");

insert into EQUIPE(id_E, nom_E,sexe_E) values(17, "Japon Natation 4x100m nage libre relais","F");
insert into EQUIPE(id_E, nom_E,sexe_E) values(18, "Japon Natation 4x100m nage libre relais","M");
insert into EQUIPE(id_E, nom_E,sexe_E) values(19, "Japon Handball","M");
insert into EQUIPE(id_E, nom_E,sexe_E) values(20, "Japon Handball","F");
insert into EQUIPE(id_E, nom_E,sexe_E) values(21, "Japon Volley-ball","F");
insert into EQUIPE(id_E, nom_E,sexe_E) values(22, "Japon Volley-ball","M");
insert into EQUIPE(id_E, nom_E,sexe_E) values(23, "Japon Athlétisme 4x100m relais","M");
insert into EQUIPE(id_E, nom_E,sexe_E) values(24, "Japon Athlétisme 4x100m relais","F");

insert into EQUIPE(id_E, nom_E,sexe_E) values(25, "USA Natation 4x100m nage libre relais","F");
insert into EQUIPE(id_E, nom_E,sexe_E) values(26, "USA Natation 4x100m nage libre relais","M");
insert into EQUIPE(id_E, nom_E,sexe_E) values(27, "USA Handball","M");
insert into EQUIPE(id_E, nom_E,sexe_E) values(28, "USA Handball","F");
insert into EQUIPE(id_E, nom_E,sexe_E) values(29, "USA Volley-ball","F");
insert into EQUIPE(id_E, nom_E,sexe_E) values(30, "USA Volley-ball","M");
insert into EQUIPE(id_E, nom_E,sexe_E) values(31, "USA Athlétisme 4x100m relais","M");
insert into EQUIPE(id_E, nom_E,sexe_E) values(32, "USA Athlétisme 4x100m relais","F");

insert into EQUIPE(id_E, nom_E,sexe_E) values(33, "Kenya Natation 4x100m nage libre relais","F");
insert into EQUIPE(id_E, nom_E,sexe_E) values(34, "Kenya Natation 4x100m nage libre relais","M");
insert into EQUIPE(id_E, nom_E,sexe_E) values(35, "Kenya Handball","M");
insert into EQUIPE(id_E, nom_E,sexe_E) values(36, "Kenya Handball","F");
insert into EQUIPE(id_E, nom_E,sexe_E) values(37, "Kenya Volley-ball","F");
insert into EQUIPE(id_E, nom_E,sexe_E) values(38, "Kenya Volley-ball","M");
insert into EQUIPE(id_E, nom_E,sexe_E) values(39, "Kenya Athlétisme 4x100m relais","M");
insert into EQUIPE(id_E, nom_E,sexe_E) values(40, "Kenya Athlétisme 4x100m relais","F");

insert into EQUIPE(id_E, nom_E,sexe_E) values(41, "Maroc Natation 4x100m nage libre relais","F");
insert into EQUIPE(id_E, nom_E,sexe_E) values(42, "Maroc Natation 4x100m nage libre relais","M");
insert into EQUIPE(id_E, nom_E,sexe_E) values(43, "Maroc Handball","M");
insert into EQUIPE(id_E, nom_E,sexe_E) values(44, "Maroc Handball","F");
insert into EQUIPE(id_E, nom_E,sexe_E) values(45, "Maroc Volley-ball","F");
insert into EQUIPE(id_E, nom_E,sexe_E) values(46, "Maroc Volley-ball","M");
insert into EQUIPE(id_E, nom_E,sexe_E) values(47, "Maroc Athlétisme 4x100m relais","M");
insert into EQUIPE(id_E, nom_E,sexe_E) values(48, "Maroc Athlétisme 4x100m relais","F");

insert into EQUIPE(id_E, nom_E,sexe_E) values(49, "Allemagne Natation 4x100m nage libre relais","F");
insert into EQUIPE(id_E, nom_E,sexe_E) values(50, "Allemagne Natation 4x100m nage libre relais","M");
insert into EQUIPE(id_E, nom_E,sexe_E) values(51, "Allemagne Handball","M");
insert into EQUIPE(id_E, nom_E,sexe_E) values(52, "Allemagne Handball","F");
insert into EQUIPE(id_E, nom_E,sexe_E) values(53, "Allemagne Volley-ball","F");
insert into EQUIPE(id_E, nom_E,sexe_E) values(54, "Allemagne Volley-ball","M");
insert into EQUIPE(id_E, nom_E,sexe_E) values(55, "Allemagne Athlétisme 4x100m relais","M");
insert into EQUIPE(id_E, nom_E,sexe_E) values(56, "Allemagne Athlétisme 4x100m relais","F");

insert into EQUIPE(id_E, nom_E,sexe_E) values(58, "Australie Natation 4x100m nage libre relais","F");
insert into EQUIPE(id_E, nom_E,sexe_E) values(59, "Australie Natation 4x100m nage libre relais","M");
insert into EQUIPE(id_E, nom_E,sexe_E) values(60, "Australie Handball","M");
insert into EQUIPE(id_E, nom_E,sexe_E) values(61, "Australie Handball","F");
insert into EQUIPE(id_E, nom_E,sexe_E) values(62, "Australie Volley-ball","F");
insert into EQUIPE(id_E, nom_E,sexe_E) values(63, "Australie Volley-ball","M");
insert into EQUIPE(id_E, nom_E,sexe_E) values(64, "Australie Athlétisme 4x100m relais","M");
insert into EQUIPE(id_E, nom_E,sexe_E) values(65, "Australie Athlétisme 4x100m relais","F");

insert into EQUIPE(id_E, nom_E,sexe_E) values(66, "Brésil Natation 4x100m nage libre relais","F");
insert into EQUIPE(id_E, nom_E,sexe_E) values(67, "Brésil Natation 4x100m nage libre relais","M");
insert into EQUIPE(id_E, nom_E,sexe_E) values(68, "Brésil Handball","M");
insert into EQUIPE(id_E, nom_E,sexe_E) values(69, "Brésil Handball","F");
insert into EQUIPE(id_E, nom_E,sexe_E) values(70, "Brésil Volley-ball","F");
insert into EQUIPE(id_E, nom_E,sexe_E) values(71, "Brésil Volley-ball","M");
insert into EQUIPE(id_E, nom_E,sexe_E) values(72, "Brésil Athlétisme 4x100m relais","M");
insert into EQUIPE(id_E, nom_E,sexe_E) values(73, "Brésil Athlétisme 4x100m relais","F");

insert into EQUIPE(id_E, nom_E,sexe_E) values(74, "Turquie Natation 4x100m nage libre relais","F");
insert into EQUIPE(id_E, nom_E,sexe_E) values(75, "Turquie Natation 4x100m nage libre relais","M");
insert into EQUIPE(id_E, nom_E,sexe_E) values(76, "Turquie Handball","M");
insert into EQUIPE(id_E, nom_E,sexe_E) values(77, "Turquie Handball","F");
insert into EQUIPE(id_E, nom_E,sexe_E) values(78, "Turquie Volley-ball","F");
insert into EQUIPE(id_E, nom_E,sexe_E) values(79, "Turquie Volley-ball","M");
insert into EQUIPE(id_E, nom_E,sexe_E) values(80, "Turquie Athlétisme 4x100m relais","M");
insert into EQUIPE(id_E, nom_E,sexe_E) values(81, "Turquie Athlétisme 4x100m relais","F");


insert into EPREUVE(id_Ep,nom,categorie,id_S) values(1,"Natation 100 brasse","M",1);
insert into EPREUVE(id_Ep,nom,categorie,id_S) values(2,"Natation 100 brasse","F",1);
insert into EPREUVE(id_Ep,nom,categorie,id_S) values(3,"Natation relais libre","M",1);
insert into EPREUVE(id_Ep,nom,categorie,id_S) values(4,"Natation relais libre","F",1);

insert into EPREUVE(id_Ep,nom,categorie,id_S) values(5,"Handball","M",5);
insert into EPREUVE(id_Ep,nom,categorie,id_S) values(6,"Handball","F",5);

insert into EPREUVE(id_Ep,nom,categorie,id_S) values(7,"Volley-ball","M",4);
insert into EPREUVE(id_Ep,nom,categorie,id_S) values(8,"Volley-ball","F",4);

insert into EPREUVE(id_Ep,nom,categorie,id_S) values(9,"Escrime fleuret","M",3);
insert into EPREUVE(id_Ep,nom,categorie,id_S) values(10,"Escrime fleuret","F",3);
insert into EPREUVE(id_Ep,nom,categorie,id_S) values(11,"Escrime épée","M",3);
insert into EPREUVE(id_Ep,nom,categorie,id_S) values(12,"Escrime épée","F",3);

insert into EPREUVE(id_Ep,nom,categorie,id_S) values(13,"Athlétisme 110m","M",2);
insert into EPREUVE(id_Ep,nom,categorie,id_S) values(14,"Athlétisme 110m","F",2);
insert into EPREUVE(id_Ep,nom,categorie,id_S) values(15,"Athlétisme 4x100m relais","M",2);
insert into EPREUVE(id_Ep,nom,categorie,id_S) values(16,"Athlétisme 4x100m relais","F",2);


insert into USER(nom_U,mdp_U,role_u) values("De Oliveira", "123456","journaliste");
insert into USER(nom_U,mdp_U,role_u) values("Bocquet", "bocquet","organisateur");
insert into USER(nom_U,mdp_U,role_u) values("Lobjois", "lob123","admin");


INSERT INTO ATHLETE (id_A, nom_A, prenom_A, sexe_A, id_P, force_A, endurance, agilite, id_E) VALUES (1, 'Kimura', 'Yusuke', 'M', 9, 16, 11, 20, 70);
INSERT INTO ATHLETE (id_A, nom_A, prenom_A, sexe_A, id_P, force_A, endurance, agilite, id_E) VALUES (2, 'Rousseau', 'Louis', 'F', 1, 16, 11, 15, 6);
INSERT INTO ATHLETE (id_A, nom_A, prenom_A, sexe_A, id_P, force_A, endurance, agilite, id_E) VALUES (3, 'Roux', 'Camille', 'M', 5, 9, 11, 13, 6);
INSERT INTO ATHLETE (id_A, nom_A, prenom_A, sexe_A, id_P, force_A, endurance, agilite, id_E) VALUES (4, 'Fischer', 'Mia', 'M', 7, 7, 5, 8, 6);
INSERT INTO ATHLETE (id_A, nom_A, prenom_A, sexe_A, id_P, force_A, endurance, agilite, id_E) VALUES (5, 'Martin', 'Manon', 'F', 9, 9, 15, 9, 6);
INSERT INTO ATHLETE (id_A, nom_A, prenom_A, sexe_A, id_P, force_A, endurance, agilite, id_E) VALUES (6, 'Michel', 'Jade', 'M', 10, 13, 10, 8, 6);
INSERT INTO ATHLETE (id_A, nom_A, prenom_A, sexe_A, id_P, force_A, endurance, agilite, id_E) VALUES (7, 'Zhang', 'Shuang', 'F', 1, 20, 5, 18, 6);
INSERT INTO ATHLETE (id_A, nom_A, prenom_A, sexe_A, id_P, force_A, endurance, agilite, id_E) VALUES (8, 'Ogawa', 'Haruto', 'M', 1, 14, 7, 1, 6);
INSERT INTO ATHLETE (id_A, nom_A, prenom_A, sexe_A, id_P, force_A, endurance, agilite, id_E) VALUES (9, 'Roux', 'Louise', 'M', 4, 13, 13, 10, 6);
INSERT INTO ATHLETE (id_A, nom_A, prenom_A, sexe_A, id_P, force_A, endurance, agilite, id_E) VALUES (10, 'Ogawa', 'Shiori', 'F', 4, 7, 10, 4, 30);
INSERT INTO ATHLETE (id_A, nom_A, prenom_A, sexe_A, id_P, force_A, endurance, agilite, id_E) VALUES (11, 'Faure', 'Jules', 'F', 9, 3, 8, 4, 30);
INSERT INTO ATHLETE (id_A, nom_A, prenom_A, sexe_A, id_P, force_A, endurance, agilite, id_E) VALUES (12, 'Yamamoto', 'Kazuki', 'F', 7, 4, 16, 8, 52);
INSERT INTO ATHLETE (id_A, nom_A, prenom_A, sexe_A, id_P, force_A, endurance, agilite, id_E) VALUES (13, 'Fischer', 'Felix', 'M', 3, 13, 13, 6, 52);
INSERT INTO ATHLETE (id_A, nom_A, prenom_A, sexe_A, id_P, force_A, endurance, agilite, id_E) VALUES (14, 'Shibata', 'Yuki', 'M', 3, 4, 1, 18, 52);
INSERT INTO ATHLETE (id_A, nom_A, prenom_A, sexe_A, id_P, force_A, endurance, agilite, id_E) VALUES (15, 'Xu', 'Wei', 'M', 5, 10, 2, 1, 52);
INSERT INTO ATHLETE (id_A, nom_A, prenom_A, sexe_A, id_P, force_A, endurance, agilite, id_E) VALUES (16, 'Fontaine', 'Noé', 'M', 2, 20, 12, 13, 52);
INSERT INTO ATHLETE (id_A, nom_A, prenom_A, sexe_A, id_P, force_A, endurance, agilite, id_E) VALUES (17, 'Murakami', 'Ryota', 'F', 9, 11, 8, 11, 71);
INSERT INTO ATHLETE (id_A, nom_A, prenom_A, sexe_A, id_P, force_A, endurance, agilite, id_E) VALUES (18, 'Neumann', 'Sarah', 'M', 7, 17, 2, 6, 71);
INSERT INTO ATHLETE (id_A, nom_A, prenom_A, sexe_A, id_P, force_A, endurance, agilite, id_E) VALUES (19, 'Fujita', 'Daiki', 'F', 9, 5, 4, 17, 71);
INSERT INTO ATHLETE (id_A, nom_A, prenom_A, sexe_A, id_P, force_A, endurance, agilite, id_E) VALUES (20, 'Lefebvre', 'Sarah', 'M', 8, 4, 10, 8, 62);
INSERT INTO ATHLETE (id_A, nom_A, prenom_A, sexe_A, id_P, force_A, endurance, agilite, id_E) VALUES (21, 'Zhou', 'Chen', 'M', 7, 3, 14, 4, 62);
INSERT INTO ATHLETE (id_A, nom_A, prenom_A, sexe_A, id_P, force_A, endurance, agilite, id_E) VALUES (22, 'Sasaki', 'Kazuki', 'F', 2, 14, 3, 9, 62);
INSERT INTO ATHLETE (id_A, nom_A, prenom_A, sexe_A, id_P, force_A, endurance, agilite, id_E) VALUES (23, 'Yamaguchi', 'Rina', 'M', 5, 18, 7, 4, 62);
INSERT INTO ATHLETE (id_A, nom_A, prenom_A, sexe_A, id_P, force_A, endurance, agilite, id_E) VALUES (24, 'Schmitt', 'Clara', 'M', 3, 14, 2, 13, 62);
INSERT INTO ATHLETE (id_A, nom_A, prenom_A, sexe_A, id_P, force_A, endurance, agilite, id_E) VALUES (25, 'Zhao', 'Fang', 'F', 3, 8, 6, 17, 20);
INSERT INTO ATHLETE (id_A, nom_A, prenom_A, sexe_A, id_P, force_A, endurance, agilite, id_E) VALUES (26, 'Muller', 'Maëlys', 'F', 8, 5, 3, 5, 63);
INSERT INTO ATHLETE (id_A, nom_A, prenom_A, sexe_A, id_P, force_A, endurance, agilite, id_E) VALUES (27, 'Schmitt', 'Emma', 'M', 10, 2, 15, 3, 63);
INSERT INTO ATHLETE (id_A, nom_A, prenom_A, sexe_A, id_P, force_A, endurance, agilite, id_E) VALUES (28, 'Hasegawa', 'Haruka', 'M', 4, 20, 9, 4, 63);
INSERT INTO ATHLETE (id_A, nom_A, prenom_A, sexe_A, id_P, force_A, endurance, agilite, id_E) VALUES (29, 'Martin', 'Noé', 'F', 2, 15, 1, 17, 14);
INSERT INTO ATHLETE (id_A, nom_A, prenom_A, sexe_A, id_P, force_A, endurance, agilite, id_E) VALUES (30, 'Moreau', 'Louise', 'F', 6, 3, 18, 2, 46);
INSERT INTO ATHLETE (id_A, nom_A, prenom_A, sexe_A, id_P, force_A, endurance, agilite, id_E) VALUES (31, 'Perez', 'Gabriel', 'F', 2, 13, 1, 5, 46);
INSERT INTO ATHLETE (id_A, nom_A, prenom_A, sexe_A, id_P, force_A, endurance, agilite, id_E) VALUES (32, 'Xu', 'Guo', 'M', 7, 17, 8, 13, 46);
INSERT INTO ATHLETE (id_A, nom_A, prenom_A, sexe_A, id_P, force_A, endurance, agilite, id_E) VALUES (33, 'Hu', 'Ling', 'M', 5, 4, 4, 2, 46);
INSERT INTO ATHLETE (id_A, nom_A, prenom_A, sexe_A, id_P, force_A, endurance, agilite, id_E) VALUES (34, 'Sun', 'Yan', 'M', 8, 8, 12, 4, 46);
INSERT INTO ATHLETE (id_A, nom_A, prenom_A, sexe_A, id_P, force_A, endurance, agilite, id_E) VALUES (35, 'Wang', 'Yan', 'M', 5, 4, 3, 5, 46);
INSERT INTO ATHLETE (id_A, nom_A, prenom_A, sexe_A, id_P, force_A, endurance, agilite, id_E) VALUES (36, 'Dupont', 'Chloé', 'F', 7, 9, 15, 10, 46);
INSERT INTO ATHLETE (id_A, nom_A, prenom_A, sexe_A, id_P, force_A, endurance, agilite, id_E) VALUES (37, 'Murakami', 'Yuna', 'M', 3, 10, 13, 4, 21);
INSERT INTO ATHLETE (id_A, nom_A, prenom_A, sexe_A, id_P, force_A, endurance, agilite, id_E) VALUES (38, 'Schmitt', 'Emma', 'F', 2, 17, 7, 18, 14);
INSERT INTO ATHLETE (id_A, nom_A, prenom_A, sexe_A, id_P, force_A, endurance, agilite, id_E) VALUES (39, 'Inoue', 'Yuki', 'M', 9, 12, 18, 12, 14);
INSERT INTO ATHLETE (id_A, nom_A, prenom_A, sexe_A, id_P, force_A, endurance, agilite, id_E) VALUES (40, 'Saito', 'Yuna', 'M', 5, 14, 15, 5, 14);
INSERT INTO ATHLETE (id_A, nom_A, prenom_A, sexe_A, id_P, force_A, endurance, agilite, id_E) VALUES (41, 'Vincent', 'Mathis', 'M', 1, 5, 5, 14, 14);
INSERT INTO ATHLETE (id_A, nom_A, prenom_A, sexe_A, id_P, force_A, endurance, agilite, id_E) VALUES (42, 'Hu', 'Wei', 'M', 6, 9, 6, 17, 14);
INSERT INTO ATHLETE (id_A, nom_A, prenom_A, sexe_A, id_P, force_A, endurance, agilite, id_E) VALUES (43, 'Perez', 'Louise', 'F', 8, 7, 6, 9, 63);
INSERT INTO ATHLETE (id_A, nom_A, prenom_A, sexe_A, id_P, force_A, endurance, agilite, id_E) VALUES (44, 'Roux', 'Anna', 'F', 10, 16, 13, 18, 63);
INSERT INTO ATHLETE (id_A, nom_A, prenom_A, sexe_A, id_P, force_A, endurance, agilite, id_E) VALUES (45, 'Lefevre', 'Jules', 'M', 8, 7, 7, 9, 63);
INSERT INTO ATHLETE (id_A, nom_A, prenom_A, sexe_A, id_P, force_A, endurance, agilite, id_E) VALUES (46, 'Köhler', 'Sophie', 'F', 7, 6, 3, 2, 63);
INSERT INTO ATHLETE (id_A, nom_A, prenom_A, sexe_A, id_P, force_A, endurance, agilite, id_E) VALUES (47, 'Ishii', 'Sakura', 'M', 4, 9, 2, 11, 63);
INSERT INTO ATHLETE (id_A, nom_A, prenom_A, sexe_A, id_P, force_A, endurance, agilite, id_E) VALUES (48, 'Tanaka', 'Kaito', 'F', 4, 9, 17, 7, 63);
INSERT INTO ATHLETE (id_A, nom_A, prenom_A, sexe_A, id_P, force_A, endurance, agilite, id_E) VALUES (49, 'Richard', 'Gabin', 'F', 5, 13, 7, 18, 63);
INSERT INTO ATHLETE (id_A, nom_A, prenom_A, sexe_A, id_P, force_A, endurance, agilite, id_E) VALUES (50, 'Kimura', 'Hiroshi', 'F', 8, 17, 17, 9, 63);
INSERT INTO ATHLETE (id_A, nom_A, prenom_A, sexe_A, id_P, force_A, endurance, agilite, id_E) VALUES (51, 'Giraud', 'Hugo', 'M', 1, 14, 2, 11, 63);
INSERT INTO ATHLETE (id_A, nom_A, prenom_A, sexe_A, id_P, force_A, endurance, agilite, id_E) VALUES (52, 'Lehmann', 'Sarah', 'M', 5, 12, 16, 18, 63);
INSERT INTO ATHLETE (id_A, nom_A, prenom_A, sexe_A, id_P, force_A, endurance, agilite, id_E) VALUES (53, 'Yang', 'Zhu', 'F', 10, 10, 13, 7, 63);
INSERT INTO ATHLETE (id_A, nom_A, prenom_A, sexe_A, id_P, force_A, endurance, agilite, id_E) VALUES (54, 'Fournier', 'Tom', 'M', 8, 4, 2, 17, 63);
INSERT INTO ATHLETE (id_A, nom_A, prenom_A, sexe_A, id_P, force_A, endurance, agilite, id_E) VALUES (55, 'Nakamura', 'Riko', 'M', 7, 8, 12, 13, 63);
INSERT INTO ATHLETE (id_A, nom_A, prenom_A, sexe_A, id_P, force_A, endurance, agilite, id_E) VALUES (56, 'Hu', 'Zhao', 'F', 2, 12, 10, 18, 63);
INSERT INTO ATHLETE (id_A, nom_A, prenom_A, sexe_A, id_P, force_A, endurance, agilite, id_E) VALUES (57, 'Lin', 'Wu', 'M', 2, 16, 20, 8, 63);
INSERT INTO ATHLETE (id_A, nom_A, prenom_A, sexe_A, id_P, force_A, endurance, agilite, id_E) VALUES (58, 'Faure', 'Clara', 'F', 7, 17, 20, 1, 54);
INSERT INTO ATHLETE (id_A, nom_A, prenom_A, sexe_A, id_P, force_A, endurance, agilite, id_E) VALUES (59, 'Sun', 'Wang', 'M', 8, 10, 5, 6, 54);
INSERT INTO ATHLETE (id_A, nom_A, prenom_A, sexe_A, id_P, force_A, endurance, agilite, id_E) VALUES (60, 'Wang', 'Huang', 'F', 6, 18, 15, 8, 54);
INSERT INTO ATHLETE (id_A, nom_A, prenom_A, sexe_A, id_P, force_A, endurance, agilite, id_E) VALUES (61, 'Rousseau', 'Lucas', 'M', 3, 16, 13, 5, 54);
INSERT INTO ATHLETE (id_A, nom_A, prenom_A, sexe_A, id_P, force_A, endurance, agilite, id_E) VALUES (62, 'Sato', 'Akira', 'M', 1, 17, 15, 6, 54);
INSERT INTO ATHLETE (id_A, nom_A, prenom_A, sexe_A, id_P, force_A, endurance, agilite, id_E) VALUES (63, 'Xu', 'Yang', 'M', 9, 18, 9, 2, 70);
INSERT INTO ATHLETE (id_A, nom_A, prenom_A, sexe_A, id_P, force_A, endurance, agilite, id_E) VALUES (64, 'Vincent', 'Alice', 'M', 2, 17, 10, 4, 13);
INSERT INTO ATHLETE (id_A, nom_A, prenom_A, sexe_A, id_P, force_A, endurance, agilite, id_E) VALUES (65, 'Kimura', 'Ryota', 'F', 3, 12, 18, 4, 22);
INSERT INTO ATHLETE (id_A, nom_A, prenom_A, sexe_A, id_P, force_A, endurance, agilite, id_E) VALUES (66, 'Fournier', 'Camille', 'M', 9, 20, 10, 20, 22);
INSERT INTO ATHLETE (id_A, nom_A, prenom_A, sexe_A, id_P, force_A, endurance, agilite, id_E) VALUES (67, 'Laurent', 'Hugo', 'F', 3, 14, 10, 6, 22);
INSERT INTO ATHLETE (id_A, nom_A, prenom_A, sexe_A, id_P, force_A, endurance, agilite, id_E) VALUES (68, 'Ogawa', 'Mio', 'M', 5, 15, 7, 8, 22);
INSERT INTO ATHLETE (id_A, nom_A, prenom_A, sexe_A, id_P, force_A, endurance, agilite, id_E) VALUES (69, 'Bernard', 'Nathan', 'M', 5, 11, 10, 19, 35);
INSERT INTO ATHLETE (id_A, nom_A, prenom_A, sexe_A, id_P, force_A, endurance, agilite, id_E) VALUES (70, 'Yamada', 'Ryota', 'M', 4, 16, 5, 6, 35);
INSERT INTO ATHLETE (id_A, nom_A, prenom_A, sexe_A, id_P, force_A, endurance, agilite, id_E) VALUES (71, 'Zhang', 'Ting', 'F', 9, 8, 17, 6, 35);
INSERT INTO ATHLETE (id_A, nom_A, prenom_A, sexe_A, id_P, force_A, endurance, agilite, id_E) VALUES (72, 'Lin', 'He', 'F', 5, 8, 4, 11, 35);
INSERT INTO ATHLETE (id_A, nom_A, prenom_A, sexe_A, id_P, force_A, endurance, agilite, id_E) VALUES (73, 'Matsumoto', 'Yusuke', 'M', 6, 9, 8, 8, 35);
INSERT INTO ATHLETE (id_A, nom_A, prenom_A, sexe_A, id_P, force_A, endurance, agilite, id_E) VALUES (74, 'Murakami', 'Mio', 'F', 1, 3, 15, 3, 35);
INSERT INTO ATHLETE (id_A, nom_A, prenom_A, sexe_A, id_P, force_A, endurance, agilite, id_E) VALUES (75, 'Sato', 'Nana', 'M', 3, 1, 1, 14, 35);
INSERT INTO ATHLETE (id_A, nom_A, prenom_A, sexe_A, id_P, force_A, endurance, agilite, id_E) VALUES (76, 'Nakamura', 'Yuki', 'M', 8, 15, 5, 1, 35);
INSERT INTO ATHLETE (id_A, nom_A, prenom_A, sexe_A, id_P, force_A, endurance, agilite, id_E) VALUES (77, 'Ogawa', 'Hiroshi', 'F', 4, 15, 16, 12, 30);
INSERT INTO ATHLETE (id_A, nom_A, prenom_A, sexe_A, id_P, force_A, endurance, agilite, id_E) VALUES (78, 'Werner', 'Paul', 'M', 2, 10, 12, 17, 13);
INSERT INTO ATHLETE (id_A, nom_A, prenom_A, sexe_A, id_P, force_A, endurance, agilite, id_E) VALUES (79, 'Sato', 'Aoi', 'M', 6, 18, 12, 9, 13);
INSERT INTO ATHLETE (id_A, nom_A, prenom_A, sexe_A, id_P, force_A, endurance, agilite, id_E) VALUES (80, 'Wang', 'Li', 'F', 7, 10, 15, 12, 13);
INSERT INTO ATHLETE (id_A, nom_A, prenom_A, sexe_A, id_P, force_A, endurance, agilite, id_E) VALUES (81, 'Durand', 'Alice', 'M', 6, 13, 16, 17, 13);
INSERT INTO ATHLETE (id_A, nom_A, prenom_A, sexe_A, id_P, force_A, endurance, agilite, id_E) VALUES (82, 'Xu', 'Guo', 'F', 4, 13, 14, 9, 13);
INSERT INTO ATHLETE (id_A, nom_A, prenom_A, sexe_A, id_P, force_A, endurance, agilite, id_E) VALUES (83, 'Yoshida', 'Asuka', 'M', 7, 12, 11, 13, 13);
INSERT INTO ATHLETE (id_A, nom_A, prenom_A, sexe_A, id_P, force_A, endurance, agilite, id_E) VALUES (84, 'Sakamoto', 'Yuma', 'M', 4, 11, 1, 2, 13);
INSERT INTO ATHLETE (id_A, nom_A, prenom_A, sexe_A, id_P, force_A, endurance, agilite, id_E) VALUES (85, 'Yamaguchi', 'Kazuki', 'M', 2, 20, 10, 4, 13);
INSERT INTO ATHLETE (id_A, nom_A, prenom_A, sexe_A, id_P, force_A, endurance, agilite, id_E) VALUES (86, 'Sakamoto', 'Hiroshi', 'M', 4, 8, 16, 11, 13);
INSERT INTO ATHLETE (id_A, nom_A, prenom_A, sexe_A, id_P, force_A, endurance, agilite, id_E) VALUES (87, 'Lange', 'Tim', 'M', 5, 12, 19, 12, 37);
INSERT INTO ATHLETE (id_A, nom_A, prenom_A, sexe_A, id_P, force_A, endurance, agilite, id_E) VALUES (88, 'Goto', 'Yui', 'M', 1, 3, 6, 20, 37);
INSERT INTO ATHLETE (id_A, nom_A, prenom_A, sexe_A, id_P, force_A, endurance, agilite, id_E) VALUES (89, 'Moreau', 'Mathis', 'F', 5, 4, 16, 4, 37);
INSERT INTO ATHLETE (id_A, nom_A, prenom_A, sexe_A, id_P, force_A, endurance, agilite, id_E) VALUES (90, 'Zimmermann', 'Moritz', 'M', 10, 7, 8, 13, 37);
INSERT INTO ATHLETE (id_A, nom_A, prenom_A, sexe_A, id_P, force_A, endurance, agilite, id_E) VALUES (91, 'Yang', 'Min', 'F', 2, 17, 11, 18, 37);
INSERT INTO ATHLETE (id_A, nom_A, prenom_A, sexe_A, id_P, force_A, endurance, agilite, id_E) VALUES (92, 'Lefebvre', 'Louis', 'F', 1, 14, 8, 9, 37);
INSERT INTO ATHLETE (id_A, nom_A, prenom_A, sexe_A, id_P, force_A, endurance, agilite, id_E) VALUES (93, 'Simon', 'Sarah', 'F', 6, 2, 10, 20, 37);
INSERT INTO ATHLETE (id_A, nom_A, prenom_A, sexe_A, id_P, force_A, endurance, agilite, id_E) VALUES (94, 'Vincent', 'Juliette', 'M', 3, 18, 13, 17, 37);
INSERT INTO ATHLETE (id_A, nom_A, prenom_A, sexe_A, id_P, force_A, endurance, agilite, id_E) VALUES (95, 'Watanabe', 'Kazuki', 'F', 3, 1, 16, 12, 37);
INSERT INTO ATHLETE (id_A, nom_A, prenom_A, sexe_A, id_P, force_A, endurance, agilite, id_E) VALUES (96, 'Zhang', 'Ma', 'M', 3, 4, 6, 8, 37);
INSERT INTO ATHLETE (id_A, nom_A, prenom_A, sexe_A, id_P, force_A, endurance, agilite, id_E) VALUES (97, 'Wang', 'Chen', 'M', 6, 2, 11, 4, 37);
INSERT INTO ATHLETE (id_A, nom_A, prenom_A, sexe_A, id_P, force_A, endurance, agilite, id_E) VALUES (98, 'Kondo', 'Saki', 'F', 3, 4, 20, 9, 37);
INSERT INTO ATHLETE (id_A, nom_A, prenom_A, sexe_A, id_P, force_A, endurance, agilite, id_E) VALUES (99, 'Lambert', 'Camille', 'M', 1, 17, 4, 6, 37);
INSERT INTO ATHLETE (id_A, nom_A, prenom_A, sexe_A, id_P, force_A, endurance, agilite, id_E) VALUES (100, 'Sasaki', 'Sakura', 'M', 9, 2, 1, 5, 37);
INSERT INTO ATHLETE (id_A, nom_A, prenom_A, sexe_A, id_P, force_A, endurance, agilite, id_E) VALUES (101, 'Gao', 'Hu', 'F', 9, 12, 13, 12, 37);
INSERT INTO ATHLETE (id_A, nom_A, prenom_A, sexe_A, id_P, force_A, endurance, agilite, id_E) VALUES (102, 'Sakamoto', 'Rin', 'M', 9, 4, 8, 1, 37);
INSERT INTO ATHLETE (id_A, nom_A, prenom_A, sexe_A, id_P, force_A, endurance, agilite, id_E) VALUES (103, 'Ogawa', 'Ren', 'F', 6, 12, 9, 3, 37);
INSERT INTO ATHLETE (id_A, nom_A, prenom_A, sexe_A, id_P, force_A, endurance, agilite, id_E) VALUES (104, 'Giraud', 'Théo', 'F', 10, 3, 5, 12, 37);
INSERT INTO ATHLETE (id_A, nom_A, prenom_A, sexe_A, id_P, force_A, endurance, agilite, id_E) VALUES (105, 'Yamamoto', 'Kaito', 'F', 2, 13, 17, 11, 37);
INSERT INTO ATHLETE (id_A, nom_A, prenom_A, sexe_A, id_P, force_A, endurance, agilite, id_E) VALUES (106, 'Sakai', 'Haruka', 'M', 10, 9, 12, 8, 37);
INSERT INTO ATHLETE (id_A, nom_A, prenom_A, sexe_A, id_P, force_A, endurance, agilite, id_E) VALUES (107, 'Hartmann', 'Emilia', 'M', 6, 15, 16, 1, 37);
INSERT INTO ATHLETE (id_A, nom_A, prenom_A, sexe_A, id_P, force_A, endurance, agilite, id_E) VALUES (108, 'Kondo', 'Yuma', 'F', 6, 20, 1, 2, 37);
INSERT INTO ATHLETE (id_A, nom_A, prenom_A, sexe_A, id_P, force_A, endurance, agilite, id_E) VALUES (109, 'Sasaki', 'Nana', 'M', 10, 13, 9, 15, 37);
INSERT INTO ATHLETE (id_A, nom_A, prenom_A, sexe_A, id_P, force_A, endurance, agilite, id_E) VALUES (110, 'Lehmann', 'Simon', 'M', 9, 10, 14, 2, 37);
INSERT INTO ATHLETE (id_A, nom_A, prenom_A, sexe_A, id_P, force_A, endurance, agilite, id_E) VALUES (111, 'Yamada', 'Kokoro', 'F', 3, 17, 7, 14, 37);
INSERT INTO ATHLETE (id_A, nom_A, prenom_A, sexe_A, id_P, force_A, endurance, agilite, id_E) VALUES (112, 'Yamada', 'Yuki', 'M', 6, 16, 6, 4, 37);
INSERT INTO ATHLETE (id_A, nom_A, prenom_A, sexe_A, id_P, force_A, endurance, agilite, id_E) VALUES (113, 'Muller', 'Juliette', 'M', 8, 8, 13, 12, 37);
INSERT INTO ATHLETE (id_A, nom_A, prenom_A, sexe_A, id_P, force_A, endurance, agilite, id_E) VALUES (114, 'Mercier', 'Arthur', 'M', 7, 18, 6, 7, 37);
INSERT INTO ATHLETE (id_A, nom_A, prenom_A, sexe_A, id_P, force_A, endurance, agilite, id_E) VALUES (115, 'Dupont', 'Zoé', 'M', 9, 10, 1, 9, 37);
INSERT INTO ATHLETE (id_A, nom_A, prenom_A, sexe_A, id_P, force_A, endurance, agilite, id_E) VALUES (116, 'Kato', 'Rin', 'M', 9, 18, 2, 19, 37);
INSERT INTO ATHLETE (id_A, nom_A, prenom_A, sexe_A, id_P, force_A, endurance, agilite, id_E) VALUES (117, 'Becker', 'Laura', 'M', 3, 5, 17, 5, 37);
INSERT INTO ATHLETE (id_A, nom_A, prenom_A, sexe_A, id_P, force_A, endurance, agilite, id_E) VALUES (118, 'He', 'Hui', 'M', 8, 15, 8, 20, 37);
INSERT INTO ATHLETE (id_A, nom_A, prenom_A, sexe_A, id_P, force_A, endurance, agilite, id_E) VALUES (119, 'Zhou', 'Zhou', 'F', 3, 10, 4, 15, 37);
INSERT INTO ATHLETE (id_A, nom_A, prenom_A, sexe_A, id_P, force_A, endurance, agilite, id_E) VALUES (120, 'Robin', 'Emma', 'M', 1, 9, 15, 8, 5);
INSERT INTO ATHLETE (id_A, nom_A, prenom_A, sexe_A, id_P, force_A, endurance, agilite, id_E) VALUES (121, 'Sakamoto', 'Akira', 'F', 3, 18, 10, 7, 22);
INSERT INTO ATHLETE (id_A, nom_A, prenom_A, sexe_A, id_P, force_A, endurance, agilite, id_E) VALUES (122, 'Laurent', 'Emma', 'F', 6, 14, 6, 18, 22);
INSERT INTO ATHLETE (id_A, nom_A, prenom_A, sexe_A, id_P, force_A, endurance, agilite, id_E) VALUES (123, 'Müller', 'Emma', 'M', 10, 3, 17, 16, 22);
INSERT INTO ATHLETE (id_A, nom_A, prenom_A, sexe_A, id_P, force_A, endurance, agilite, id_E) VALUES (124, 'Yoshida', 'Riku', 'M', 5, 3, 11, 14, 22);
INSERT INTO ATHLETE (id_A, nom_A, prenom_A, sexe_A, id_P, force_A, endurance, agilite, id_E) VALUES (125, 'Sun', 'Xin', 'M', 2, 16, 20, 13, 22);
INSERT INTO ATHLETE (id_A, nom_A, prenom_A, sexe_A, id_P, force_A, endurance, agilite, id_E) VALUES (126, 'Matsumoto', 'Yusuke', 'M', 5, 9, 2, 5, 22);
INSERT INTO ATHLETE (id_A, nom_A, prenom_A, sexe_A, id_P, force_A, endurance, agilite, id_E) VALUES (127, 'Ito', 'Riko', 'F', 1, 17, 3, 17, 22);
INSERT INTO ATHLETE (id_A, nom_A, prenom_A, sexe_A, id_P, force_A, endurance, agilite, id_E) VALUES (128, 'Xu', 'He', 'F', 4, 2, 2, 4, 22);
INSERT INTO ATHLETE (id_A, nom_A, prenom_A, sexe_A, id_P, force_A, endurance, agilite, id_E) VALUES (129, 'Guerin', 'Noé', 'M', 2, 11, 4, 4, 22);
INSERT INTO ATHLETE (id_A, nom_A, prenom_A, sexe_A, id_P, force_A, endurance, agilite, id_E) VALUES (130, 'Wu', 'Xu', 'M', 3, 8, 14, 10, 22);
INSERT INTO ATHLETE (id_A, nom_A, prenom_A, sexe_A, id_P, force_A, endurance, agilite, id_E) VALUES (131, 'Girard', 'Gabin', 'M', 10, 7, 2, 12, 22);
INSERT INTO ATHLETE (id_A, nom_A, prenom_A, sexe_A, id_P, force_A, endurance, agilite, id_E) VALUES (132, 'Gao', 'Chen', 'M', 2, 17, 17, 11, 13);
INSERT INTO ATHLETE (id_A, nom_A, prenom_A, sexe_A, id_P, force_A, endurance, agilite, id_E) VALUES (133, 'Nakamura', 'Asuka', 'F', 6, 14, 17, 4, 46);
INSERT INTO ATHLETE (id_A, nom_A, prenom_A, sexe_A, id_P, force_A, endurance, agilite, id_E) VALUES (134, 'Ito', 'Yuki', 'F', 4, 8, 14, 13, 46);
INSERT INTO ATHLETE (id_A, nom_A, prenom_A, sexe_A, id_P, force_A, endurance, agilite, id_E) VALUES (135, 'Faure', 'Zoé', 'F', 9, 8, 18, 3, 71);
INSERT INTO ATHLETE (id_A, nom_A, prenom_A, sexe_A, id_P, force_A, endurance, agilite, id_E) VALUES (136, 'Lefebvre', 'Mathis', 'F', 8, 5, 18, 6, 71);
INSERT INTO ATHLETE (id_A, nom_A, prenom_A, sexe_A, id_P, force_A, endurance, agilite, id_E) VALUES (137, 'Robin', 'Théo', 'M', 1, 16, 1, 19, 71);
INSERT INTO ATHLETE (id_A, nom_A, prenom_A, sexe_A, id_P, force_A, endurance, agilite, id_E) VALUES (138, 'Meier', 'Anna', 'F', 6, 19, 7, 7, 71);
INSERT INTO ATHLETE (id_A, nom_A, prenom_A, sexe_A, id_P, force_A, endurance, agilite, id_E) VALUES (139, 'Blanc', 'Emma', 'F', 1, 8, 11, 5, 71);
INSERT INTO ATHLETE (id_A, nom_A, prenom_A, sexe_A, id_P, force_A, endurance, agilite, id_E) VALUES (140, 'Liu', 'Zhu', 'M', 9, 19, 18, 12, 71);
INSERT INTO ATHLETE (id_A, nom_A, prenom_A, sexe_A, id_P, force_A, endurance, agilite, id_E) VALUES (141, 'Lefebvre', 'Jules', 'F', 1, 5, 3, 2, 71);
INSERT INTO ATHLETE (id_A, nom_A, prenom_A, sexe_A, id_P, force_A, endurance, agilite, id_E) VALUES (142, 'Wang', 'Ma', 'F', 6, 13, 5, 6, 71);
INSERT INTO ATHLETE (id_A, nom_A, prenom_A, sexe_A, id_P, force_A, endurance, agilite, id_E) VALUES (143, 'Kato', 'Riku', 'M', 10, 4, 11, 10, 71);
INSERT INTO ATHLETE (id_A, nom_A, prenom_A, sexe_A, id_P, force_A, endurance, agilite, id_E) VALUES (144, 'Murakami', 'Rin', 'M', 2, 12, 12, 4, 71);
INSERT INTO ATHLETE (id_A, nom_A, prenom_A, sexe_A, id_P, force_A, endurance, agilite, id_E) VALUES (145, 'Schwarz', 'Felix', 'F', 10, 7, 20, 10, 71);
INSERT INTO ATHLETE (id_A, nom_A, prenom_A, sexe_A, id_P, force_A, endurance, agilite, id_E) VALUES (146, 'Girard', 'Léna', 'M', 4, 18, 5, 11, 71);
INSERT INTO ATHLETE (id_A, nom_A, prenom_A, sexe_A, id_P, force_A, endurance, agilite, id_E) VALUES (147, 'Hu', 'Xu', 'M', 8, 13, 13, 17, 71);
INSERT INTO ATHLETE (id_A, nom_A, prenom_A, sexe_A, id_P, force_A, endurance, agilite, id_E) VALUES (148, 'Lin', 'He', 'F', 6, 4, 3, 12, 44);
INSERT INTO ATHLETE (id_A, nom_A, prenom_A, sexe_A, id_P, force_A, endurance, agilite, id_E) VALUES (149, 'Liu', 'Xue', 'F', 4, 13, 5, 19, 44);
INSERT INTO ATHLETE (id_A, nom_A, prenom_A, sexe_A, id_P, force_A, endurance, agilite, id_E) VALUES (150, 'Leroy', 'Gabin', 'M', 10, 9, 1, 10, 78);
INSERT INTO ATHLETE (id_A, nom_A, prenom_A, sexe_A, id_P, force_A, endurance, agilite, id_E) VALUES (151, 'Simon', 'Lola', 'M', 6, 6, 13, 1, 45);
INSERT INTO ATHLETE (id_A, nom_A, prenom_A, sexe_A, id_P, force_A, endurance, agilite, id_E) VALUES (152, 'Ma', 'Wei', 'M', 4, 19, 15, 11, 45);
INSERT INTO ATHLETE (id_A, nom_A, prenom_A, sexe_A, id_P, force_A, endurance, agilite, id_E) VALUES (153, 'Hasegawa', 'Sakura', 'F', 7, 4, 20, 15, 45);
INSERT INTO ATHLETE (id_A, nom_A, prenom_A, sexe_A, id_P, force_A, endurance, agilite, id_E) VALUES (154, 'Ito', 'Daiki', 'F', 10, 10, 2, 8, 45);
INSERT INTO ATHLETE (id_A, nom_A, prenom_A, sexe_A, id_P, force_A, endurance, agilite, id_E) VALUES (155, 'Laurent', 'Nathan', 'M', 4, 7, 11, 17, 45);
INSERT INTO ATHLETE (id_A, nom_A, prenom_A, sexe_A, id_P, force_A, endurance, agilite, id_E) VALUES (156, 'Garcia', 'Sarah', 'F', 8, 6, 6, 2, 45);
INSERT INTO ATHLETE (id_A, nom_A, prenom_A, sexe_A, id_P, force_A, endurance, agilite, id_E) VALUES (157, 'Dupont', 'Emma', 'F', 8, 19, 1, 8, 45);
INSERT INTO ATHLETE (id_A, nom_A, prenom_A, sexe_A, id_P, force_A, endurance, agilite, id_E) VALUES (158, 'Barbier', 'Emma', 'M', 10, 9, 20, 10, 45);
INSERT INTO ATHLETE (id_A, nom_A, prenom_A, sexe_A, id_P, force_A, endurance, agilite, id_E) VALUES (159, 'Matsumoto', 'Hiroshi', 'M', 6, 6, 16, 4, 45);
INSERT INTO ATHLETE (id_A, nom_A, prenom_A, sexe_A, id_P, force_A, endurance, agilite, id_E) VALUES (160, 'Maeda', 'Yuto', 'F', 6, 15, 20, 3, 45);
INSERT INTO ATHLETE (id_A, nom_A, prenom_A, sexe_A, id_P, force_A, endurance, agilite, id_E) VALUES (161, 'Yoshida', 'Takumi', 'M', 6, 6, 5, 10, 45);
INSERT INTO ATHLETE (id_A, nom_A, prenom_A, sexe_A, id_P, force_A, endurance, agilite, id_E) VALUES (162, 'Liu', 'Lan', 'M', 7, 10, 19, 3, 45);
INSERT INTO ATHLETE (id_A, nom_A, prenom_A, sexe_A, id_P, force_A, endurance, agilite, id_E) VALUES (163, 'Robert', 'Sarah', 'M', 1, 17, 13, 20, 45);
INSERT INTO ATHLETE (id_A, nom_A, prenom_A, sexe_A, id_P, force_A, endurance, agilite, id_E) VALUES (164, 'Robin', 'Clara', 'M', 2, 19, 3, 16, 45);
INSERT INTO ATHLETE (id_A, nom_A, prenom_A, sexe_A, id_P, force_A, endurance, agilite, id_E) VALUES (165, 'Sun', 'Hu', 'F', 7, 3, 17, 15, 54);
INSERT INTO ATHLETE (id_A, nom_A, prenom_A, sexe_A, id_P, force_A, endurance, agilite, id_E) VALUES (166, 'Morel', 'Hugo', 'F', 5, 6, 20, 2, 54);
INSERT INTO ATHLETE (id_A, nom_A, prenom_A, sexe_A, id_P, force_A, endurance, agilite, id_E) VALUES (167, 'Yang', 'Xia', 'F', 1, 13, 16, 18, 54);
INSERT INTO ATHLETE (id_A, nom_A, prenom_A, sexe_A, id_P, force_A, endurance, agilite, id_E) VALUES (168, 'Sasaki', 'Sora', 'F', 8, 6, 20, 4, 54);
INSERT INTO ATHLETE (id_A, nom_A, prenom_A, sexe_A, id_P, force_A, endurance, agilite, id_E) VALUES (169, 'Bernard', 'Paul', 'F', 9, 6, 3, 16, 71);
INSERT INTO ATHLETE (id_A, nom_A, prenom_A, sexe_A, id_P, force_A, endurance, agilite, id_E) VALUES (170, 'Xu', 'Xue', 'M', 1, 20, 13, 6, 71);
INSERT INTO ATHLETE (id_A, nom_A, prenom_A, sexe_A, id_P, force_A, endurance, agilite, id_E) VALUES (171, 'Yamamoto', 'Riku', 'M', 6, 18, 12, 1, 71);
INSERT INTO ATHLETE (id_A, nom_A, prenom_A, sexe_A, id_P, force_A, endurance, agilite, id_E) VALUES (172, 'Ishii', 'Yuto', 'F', 3, 20, 7, 13, 71);
INSERT INTO ATHLETE (id_A, nom_A, prenom_A, sexe_A, id_P, force_A, endurance, agilite, id_E) VALUES (173, 'Xu', 'Yang', 'M', 1, 4, 9, 16, 71);
INSERT INTO ATHLETE (id_A, nom_A, prenom_A, sexe_A, id_P, force_A, endurance, agilite, id_E) VALUES (174, 'Sato', 'Nana', 'F', 6, 15, 8, 5, 71);
INSERT INTO ATHLETE (id_A, nom_A, prenom_A, sexe_A, id_P, force_A, endurance, agilite, id_E) VALUES (175, 'Shibata', 'Yuna', 'M', 5, 14, 1, 20, 71);
INSERT INTO ATHLETE (id_A, nom_A, prenom_A, sexe_A, id_P, force_A, endurance, agilite, id_E) VALUES (176, 'Hayashi', 'Asuka', 'M', 2, 1, 2, 5, 71);
INSERT INTO ATHLETE (id_A, nom_A, prenom_A, sexe_A, id_P, force_A, endurance, agilite, id_E) VALUES (177, 'Guo', 'Fang', 'F', 10, 2, 19, 11, 71);
INSERT INTO ATHLETE (id_A, nom_A, prenom_A, sexe_A, id_P, force_A, endurance, agilite, id_E) VALUES (178, 'Murakami', 'Rina', 'M', 9, 1, 2, 18, 70);
INSERT INTO ATHLETE (id_A, nom_A, prenom_A, sexe_A, id_P, force_A, endurance, agilite, id_E) VALUES (179, 'Richard', 'Nathan', 'M', 6, 11, 10, 4, 45);
INSERT INTO ATHLETE (id_A, nom_A, prenom_A, sexe_A, id_P, force_A, endurance, agilite, id_E) VALUES (180, 'Hasegawa', 'Hiroshi', 'M', 1, 12, 18, 18, 45);
INSERT INTO ATHLETE (id_A, nom_A, prenom_A, sexe_A, id_P, force_A, endurance, agilite, id_E) VALUES (181, 'Sakai', 'Saki', 'F', 5, 4, 2, 15, 45);
INSERT INTO ATHLETE (id_A, nom_A, prenom_A, sexe_A, id_P, force_A, endurance, agilite, id_E) VALUES (182, 'Hartmann', 'Paul', 'F', 1, 10, 11, 10, 45);
INSERT INTO ATHLETE (id_A, nom_A, prenom_A, sexe_A, id_P, force_A, endurance, agilite, id_E) VALUES (183, 'Hasegawa', 'Asuka', 'M', 1, 14, 10, 18, 45);
INSERT INTO ATHLETE (id_A, nom_A, prenom_A, sexe_A, id_P, force_A, endurance, agilite, id_E) VALUES (184, 'Saito', 'Yuto', 'M', 7, 19, 9, 4, 45);
INSERT INTO ATHLETE (id_A, nom_A, prenom_A, sexe_A, id_P, force_A, endurance, agilite, id_E) VALUES (185, 'Ma', 'Li', 'M', 4, 12, 6, 15, 45);
INSERT INTO ATHLETE (id_A, nom_A, prenom_A, sexe_A, id_P, force_A, endurance, agilite, id_E) VALUES (186, 'Zhang', 'Yiming', 'M', 6, 17, 2, 6, 45);
INSERT INTO ATHLETE (id_A, nom_A, prenom_A, sexe_A, id_P, force_A, endurance, agilite, id_E) VALUES (187, 'Yamada', 'Yui', 'M', 4, 15, 12, 14, 45);
INSERT INTO ATHLETE (id_A, nom_A, prenom_A, sexe_A, id_P, force_A, endurance, agilite, id_E) VALUES (188, 'Leroy', 'Lola', 'F', 4, 2, 4, 19, 45);
INSERT INTO ATHLETE (id_A, nom_A, prenom_A, sexe_A, id_P, force_A, endurance, agilite, id_E) VALUES (189, 'Schäfer', 'Jonas', 'M', 7, 18, 12, 9, 45);
INSERT INTO ATHLETE (id_A, nom_A, prenom_A, sexe_A, id_P, force_A, endurance, agilite, id_E) VALUES (190, 'Huang', 'Sun', 'F', 5, 17, 10, 8, 45);
INSERT INTO ATHLETE (id_A, nom_A, prenom_A, sexe_A, id_P, force_A, endurance, agilite, id_E) VALUES (191, 'Dubois', 'Maëlys', 'M', 10, 20, 18, 10, 45);
INSERT INTO ATHLETE (id_A, nom_A, prenom_A, sexe_A, id_P, force_A, endurance, agilite, id_E) VALUES (192, 'Schäfer', 'Maja', 'M', 5, 12, 14, 15, 45);
INSERT INTO ATHLETE (id_A, nom_A, prenom_A, sexe_A, id_P, force_A, endurance, agilite, id_E) VALUES (193, 'Yang', 'Zhang', 'M', 3, 5, 10, 13, 45);
INSERT INTO ATHLETE (id_A, nom_A, prenom_A, sexe_A, id_P, force_A, endurance, agilite, id_E) VALUES (194, 'Saito', 'Yuki', 'M', 7, 19, 20, 9, 45);
INSERT INTO ATHLETE (id_A, nom_A, prenom_A, sexe_A, id_P, force_A, endurance, agilite, id_E) VALUES (195, 'Lambert', 'Anna', 'M', 5, 8, 13, 18, 45);
INSERT INTO ATHLETE (id_A, nom_A, prenom_A, sexe_A, id_P, force_A, endurance, agilite, id_E) VALUES (196, 'Zimmermann', 'Simon', 'F', 2, 18, 20, 1, 45);
INSERT INTO ATHLETE (id_A, nom_A, prenom_A, sexe_A, id_P, force_A, endurance, agilite, id_E) VALUES (197, 'Zhang', 'He', 'F', 1, 12, 14, 10, 6);
INSERT INTO ATHLETE (id_A, nom_A, prenom_A, sexe_A, id_P, force_A, endurance, agilite, id_E) VALUES (198, 'Girard', 'Gabriel', 'M', 9, 13, 13, 6, 70);
INSERT INTO ATHLETE (id_A, nom_A, prenom_A, sexe_A, id_P, force_A, endurance, agilite, id_E) VALUES (199, 'Guerin', 'Nathan', 'F', 3, 12, 2, 12, 22);
INSERT INTO ATHLETE (id_A, nom_A, prenom_A, sexe_A, id_P, force_A, endurance, agilite, id_E) VALUES (200, 'Shimizu', 'Kokoro', 'F', 3, 10, 10, 11, 22);
INSERT INTO ATHLETE (id_A, nom_A, prenom_A, sexe_A, id_P, force_A, endurance, agilite, id_E) VALUES (201, 'Hasegawa', 'Yui', 'M', 9, 8, 5, 15, 22);
INSERT INTO ATHLETE (id_A, nom_A, prenom_A, sexe_A, id_P, force_A, endurance, agilite, id_E) VALUES (202, 'Dupont', 'Noé', 'M', 5, 12, 9, 15, 22);
INSERT INTO ATHLETE (id_A, nom_A, prenom_A, sexe_A, id_P, force_A, endurance, agilite, id_E) VALUES (203, 'Lefevre', 'Zoé', 'M', 6, 16, 4, 1, 22);
INSERT INTO ATHLETE (id_A, nom_A, prenom_A, sexe_A, id_P, force_A, endurance, agilite, id_E) VALUES (204, 'Kobayashi', 'Asuka', 'F', 4, 8, 1, 8, 22);
INSERT INTO ATHLETE (id_A, nom_A, prenom_A, sexe_A, id_P, force_A, endurance, agilite, id_E) VALUES (205, 'Lambert', 'Alice', 'M', 2, 9, 8, 19, 22);
INSERT INTO ATHLETE (id_A, nom_A, prenom_A, sexe_A, id_P, force_A, endurance, agilite, id_E) VALUES (206, 'Martin', 'Louis', 'M', 3, 19, 17, 17, 22);
INSERT INTO ATHLETE (id_A, nom_A, prenom_A, sexe_A, id_P, force_A, endurance, agilite, id_E) VALUES (207, 'Kobayashi', 'Kokoro', 'F', 10, 20, 2, 9, 22);
INSERT INTO ATHLETE (id_A, nom_A, prenom_A, sexe_A, id_P, force_A, endurance, agilite, id_E) VALUES (208, 'Barbier', 'Paul', 'M', 1, 4, 4, 3, 22);
INSERT INTO ATHLETE (id_A, nom_A, prenom_A, sexe_A, id_P, force_A, endurance, agilite, id_E) VALUES (209, 'Li', 'He', 'M', 4, 7, 20, 3, 22);
INSERT INTO ATHLETE (id_A, nom_A, prenom_A, sexe_A, id_P, force_A, endurance, agilite, id_E) VALUES (210, 'Chen', 'Fang', 'F', 9, 11, 19, 16, 71);
INSERT INTO ATHLETE (id_A, nom_A, prenom_A, sexe_A, id_P, force_A, endurance, agilite, id_E) VALUES (211, 'Fischer', 'Luisa', 'F', 10, 8, 15, 11, 79);
INSERT INTO ATHLETE (id_A, nom_A, prenom_A, sexe_A, id_P, force_A, endurance, agilite, id_E) VALUES (212, 'Matsumoto', 'Asuka', 'F', 5, 7, 20, 1, 79);
INSERT INTO ATHLETE (id_A, nom_A, prenom_A, sexe_A, id_P, force_A, endurance, agilite, id_E) VALUES (213, 'Zhao', 'Shuang', 'F', 5, 3, 19, 16, 79);
INSERT INTO ATHLETE (id_A, nom_A, prenom_A, sexe_A, id_P, force_A, endurance, agilite, id_E) VALUES (214, 'Schröder', 'Emma', 'M', 3, 14, 3, 1, 79);
INSERT INTO ATHLETE (id_A, nom_A, prenom_A, sexe_A, id_P, force_A, endurance, agilite, id_E) VALUES (215, 'Huang', 'Ting', 'M', 10, 15, 11, 1, 76);
INSERT INTO ATHLETE (id_A, nom_A, prenom_A, sexe_A, id_P, force_A, endurance, agilite, id_E) VALUES (216, 'Ma', 'Liu', 'M', 4, 12, 10, 19, 29);
INSERT INTO ATHLETE (id_A, nom_A, prenom_A, sexe_A, id_P, force_A, endurance, agilite, id_E) VALUES (217, 'Ma', 'Fang', 'M', 6, 3, 20, 19, 45);
INSERT INTO ATHLETE (id_A, nom_A, prenom_A, sexe_A, id_P, force_A, endurance, agilite, id_E) VALUES (218, 'Becker', 'Moritz', 'F', 9, 20, 8, 10, 45);
INSERT INTO ATHLETE (id_A, nom_A, prenom_A, sexe_A, id_P, force_A, endurance, agilite, id_E) VALUES (219, 'Meyer', 'Maja', 'M', 2, 8, 14, 19, 45);
INSERT INTO ATHLETE (id_A, nom_A, prenom_A, sexe_A, id_P, force_A, endurance, agilite, id_E) VALUES (220, 'Klein', 'Lena', 'F', 8, 1, 4, 7, 63);
INSERT INTO ATHLETE (id_A, nom_A, prenom_A, sexe_A, id_P, force_A, endurance, agilite, id_E) VALUES (221, 'Blanc', 'Emma', 'M', 4, 3, 16, 8, 29);
INSERT INTO ATHLETE (id_A, nom_A, prenom_A, sexe_A, id_P, force_A, endurance, agilite, id_E) VALUES (222, 'Fournier', 'Camille', 'M', 8, 18, 16, 11, 29);
INSERT INTO ATHLETE (id_A, nom_A, prenom_A, sexe_A, id_P, force_A, endurance, agilite, id_E) VALUES (223, 'Ogawa', 'Haruto', 'M', 6, 18, 2, 17, 29);
INSERT INTO ATHLETE (id_A, nom_A, prenom_A, sexe_A, id_P, force_A, endurance, agilite, id_E) VALUES (224, 'Ishikawa', 'Riko', 'F', 7, 13, 1, 18, 29);
INSERT INTO ATHLETE (id_A, nom_A, prenom_A, sexe_A, id_P, force_A, endurance, agilite, id_E) VALUES (225, 'Ishii', 'Daiki', 'M', 8, 15, 8, 19, 29);
INSERT INTO ATHLETE (id_A, nom_A, prenom_A, sexe_A, id_P, force_A, endurance, agilite, id_E) VALUES (226, 'Roux', 'Léa', 'M', 9, 7, 18, 1, 29);
INSERT INTO ATHLETE (id_A, nom_A, prenom_A, sexe_A, id_P, force_A, endurance, agilite, id_E) VALUES (227, 'Zhu', 'Li', 'F', 3, 7, 16, 1, 29);
INSERT INTO ATHLETE (id_A, nom_A, prenom_A, sexe_A, id_P, force_A, endurance, agilite, id_E) VALUES (228, 'Schulze', 'Leon', 'M', 4, 6, 20, 16, 29);
INSERT INTO ATHLETE (id_A, nom_A, prenom_A, sexe_A, id_P, force_A, endurance, agilite, id_E) VALUES (229, 'Sakamoto', 'Haruka', 'F', 9, 13, 17, 5, 29);
INSERT INTO ATHLETE (id_A, nom_A, prenom_A, sexe_A, id_P, force_A, endurance, agilite, id_E) VALUES (230, 'Robin', 'Jade', 'F', 4, 15, 12, 18, 29);
INSERT INTO ATHLETE (id_A, nom_A, prenom_A, sexe_A, id_P, force_A, endurance, agilite, id_E) VALUES (231, 'Sakai', 'Hana', 'F', 6, 13, 9, 7, 29);
INSERT INTO ATHLETE (id_A, nom_A, prenom_A, sexe_A, id_P, force_A, endurance, agilite, id_E) VALUES (232, 'Ishikawa', 'Yusuke', 'F', 3, 3, 6, 5, 20);
INSERT INTO ATHLETE (id_A, nom_A, prenom_A, sexe_A, id_P, force_A, endurance, agilite, id_E) VALUES (233, 'Kato', 'Rin', 'M', 6, 16, 7, 2, 20);
INSERT INTO ATHLETE (id_A, nom_A, prenom_A, sexe_A, id_P, force_A, endurance, agilite, id_E) VALUES (234, 'Wang', 'Zhao', 'F', 10, 19, 17, 4, 20);
INSERT INTO ATHLETE (id_A, nom_A, prenom_A, sexe_A, id_P, force_A, endurance, agilite, id_E) VALUES (235, 'Garcia', 'Noé', 'F', 9, 19, 19, 2, 69);
INSERT INTO ATHLETE (id_A, nom_A, prenom_A, sexe_A, id_P, force_A, endurance, agilite, id_E) VALUES (236, 'Sun', 'Wang', 'M', 6, 5, 3, 15, 43);
INSERT INTO ATHLETE (id_A, nom_A, prenom_A, sexe_A, id_P, force_A, endurance, agilite, id_E) VALUES (237, 'Rousseau', 'Emma', 'M', 10, 7, 3, 13, 43);
INSERT INTO ATHLETE (id_A, nom_A, prenom_A, sexe_A, id_P, force_A, endurance, agilite, id_E) VALUES (238, 'Lange', 'David', 'F', 8, 6, 8, 19, 63);
INSERT INTO ATHLETE (id_A, nom_A, prenom_A, sexe_A, id_P, force_A, endurance, agilite, id_E) VALUES (239, 'Sun', 'Ling', 'M', 3, 17, 2, 5, 63);
INSERT INTO ATHLETE (id_A, nom_A, prenom_A, sexe_A, id_P, force_A, endurance, agilite, id_E) VALUES (240, 'Schäfer', 'Johanna', 'F', 4, 19, 4, 5, 30);
INSERT INTO ATHLETE (id_A, nom_A, prenom_A, sexe_A, id_P, force_A, endurance, agilite, id_E) VALUES (241, 'Zhu', 'Hu', 'M', 1, 18, 2, 16, 5);
INSERT INTO ATHLETE (id_A, nom_A, prenom_A, sexe_A, id_P, force_A, endurance, agilite, id_E) VALUES (242, 'Li', 'Xu', 'F', 9, 6, 10, 9, 5);
INSERT INTO ATHLETE (id_A, nom_A, prenom_A, sexe_A, id_P, force_A, endurance, agilite, id_E) VALUES (243, 'Ito', 'Rina', 'F', 10, 4, 9, 19, 79);
INSERT INTO ATHLETE (id_A, nom_A, prenom_A, sexe_A, id_P, force_A, endurance, agilite, id_E) VALUES (244, 'Richard', 'Tom', 'F', 5, 11, 3, 9, 38);
INSERT INTO ATHLETE (id_A, nom_A, prenom_A, sexe_A, id_P, force_A, endurance, agilite, id_E) VALUES (245, 'Dubois', 'Camille', 'M', 2, 5, 14, 14, 38);
INSERT INTO ATHLETE (id_A, nom_A, prenom_A, sexe_A, id_P, force_A, endurance, agilite, id_E) VALUES (246, 'Shibata', 'Yuki', 'F', 2, 2, 3, 3, 38);
INSERT INTO ATHLETE (id_A, nom_A, prenom_A, sexe_A, id_P, force_A, endurance, agilite, id_E) VALUES (247, 'Yoshida', 'Ren', 'F', 5, 2, 9, 3, 38);
INSERT INTO ATHLETE (id_A, nom_A, prenom_A, sexe_A, id_P, force_A, endurance, agilite, id_E) VALUES (248, 'Durand', 'Manon', 'F', 8, 9, 9, 11, 38);
INSERT INTO ATHLETE (id_A, nom_A, prenom_A, sexe_A, id_P, force_A, endurance, agilite, id_E) VALUES (249, 'Müller', 'Finn', 'M', 8, 12, 12, 18, 62);
INSERT INTO ATHLETE (id_A, nom_A, prenom_A, sexe_A, id_P, force_A, endurance, agilite, id_E) VALUES (250, 'Fontaine', 'Louise', 'F', 6, 19, 17, 6, 46);
INSERT INTO ATHLETE (id_A, nom_A, prenom_A, sexe_A, id_P, force_A, endurance, agilite, id_E) VALUES (251, 'Barbier', 'Louise', 'M', 6, 16, 4, 20, 46);
INSERT INTO ATHLETE (id_A, nom_A, prenom_A, sexe_A, id_P, force_A, endurance, agilite, id_E) VALUES (252, 'Matsumoto', 'Yuna', 'F', 3, 1, 12, 19, 46);
INSERT INTO ATHLETE (id_A, nom_A, prenom_A, sexe_A, id_P, force_A, endurance, agilite, id_E) VALUES (253, 'Wang', 'Jing', 'M', 2, 11, 5, 3, 46);
INSERT INTO ATHLETE (id_A, nom_A, prenom_A, sexe_A, id_P, force_A, endurance, agilite, id_E) VALUES (254, 'Hu', 'Zhang', 'M', 6, 7, 4, 13, 46);
INSERT INTO ATHLETE (id_A, nom_A, prenom_A, sexe_A, id_P, force_A, endurance, agilite, id_E) VALUES (255, 'Hayashi', 'Yuma', 'F', 4, 6, 12, 3, 46);
INSERT INTO ATHLETE (id_A, nom_A, prenom_A, sexe_A, id_P, force_A, endurance, agilite, id_E) VALUES (256, 'Kondo', 'Shiori', 'M', 2, 18, 17, 3, 46);
INSERT INTO ATHLETE (id_A, nom_A, prenom_A, sexe_A, id_P, force_A, endurance, agilite, id_E) VALUES (257, 'Inoue', 'Takeshi', 'F', 7, 8, 14, 13, 46);
INSERT INTO ATHLETE (id_A, nom_A, prenom_A, sexe_A, id_P, force_A, endurance, agilite, id_E) VALUES (258, 'Roux', 'Manon', 'M', 4, 19, 14, 8, 46);
INSERT INTO ATHLETE (id_A, nom_A, prenom_A, sexe_A, id_P, force_A, endurance, agilite, id_E) VALUES (259, 'Mercier', 'Camille', 'F', 6, 7, 8, 10, 46);
INSERT INTO ATHLETE (id_A, nom_A, prenom_A, sexe_A, id_P, force_A, endurance, agilite, id_E) VALUES (260, 'Zhao', 'Shuang', 'F', 8, 5, 12, 16, 63);
INSERT INTO ATHLETE (id_A, nom_A, prenom_A, sexe_A, id_P, force_A, endurance, agilite, id_E) VALUES (261, 'Chen', 'Xue', 'M', 10, 15, 19, 4, 63);
INSERT INTO ATHLETE (id_A, nom_A, prenom_A, sexe_A, id_P, force_A, endurance, agilite, id_E) VALUES (262, 'Gao', 'Yan', 'M', 7, 18, 10, 3, 63);
INSERT INTO ATHLETE (id_A, nom_A, prenom_A, sexe_A, id_P, force_A, endurance, agilite, id_E) VALUES (263, 'Shimizu', 'Hana', 'M', 6, 13, 7, 14, 63);
INSERT INTO ATHLETE (id_A, nom_A, prenom_A, sexe_A, id_P, force_A, endurance, agilite, id_E) VALUES (264, 'Thomas', 'Maëlys', 'F', 4, 15, 17, 9, 63);
INSERT INTO ATHLETE (id_A, nom_A, prenom_A, sexe_A, id_P, force_A, endurance, agilite, id_E) VALUES (265, 'Li', 'Min', 'F', 4, 4, 7, 12, 63);
INSERT INTO ATHLETE (id_A, nom_A, prenom_A, sexe_A, id_P, force_A, endurance, agilite, id_E) VALUES (266, 'Kato', 'Kaito', 'F', 3, 6, 9, 13, 63);
INSERT INTO ATHLETE (id_A, nom_A, prenom_A, sexe_A, id_P, force_A, endurance, agilite, id_E) VALUES (267, 'Girard', 'Zoé', 'M', 5, 3, 2, 12, 37);
INSERT INTO ATHLETE (id_A, nom_A, prenom_A, sexe_A, id_P, force_A, endurance, agilite, id_E) VALUES (268, 'Gao', 'Zhao', 'M', 10, 14, 10, 14, 78);
INSERT INTO ATHLETE (id_A, nom_A, prenom_A, sexe_A, id_P, force_A, endurance, agilite, id_E) VALUES (269, 'Richard', 'Nathan', 'F', 7, 1, 9, 2, 78);
INSERT INTO ATHLETE (id_A, nom_A, prenom_A, sexe_A, id_P, force_A, endurance, agilite, id_E) VALUES (270, 'He', 'Xin', 'F', 4, 11, 18, 11, 78);
INSERT INTO ATHLETE (id_A, nom_A, prenom_A, sexe_A, id_P, force_A, endurance, agilite, id_E) VALUES (271, 'Dupont', 'Nathan', 'M', 10, 4, 6, 2, 78);
INSERT INTO ATHLETE (id_A, nom_A, prenom_A, sexe_A, id_P, force_A, endurance, agilite, id_E) VALUES (272, 'Matsumoto', 'Akira', 'F', 7, 20, 13, 2, 78);
INSERT INTO ATHLETE (id_A, nom_A, prenom_A, sexe_A, id_P, force_A, endurance, agilite, id_E) VALUES (273, 'Kimura', 'Ryota', 'F', 8, 7, 7, 7, 63);
INSERT INTO ATHLETE (id_A, nom_A, prenom_A, sexe_A, id_P, force_A, endurance, agilite, id_E) VALUES (274, 'Xu', 'Xu', 'F', 1, 12, 8, 15, 63);
INSERT INTO ATHLETE (id_A, nom_A, prenom_A, sexe_A, id_P, force_A, endurance, agilite, id_E) VALUES (275, 'Dupont', 'Manon', 'M', 10, 14, 17, 10, 63);
INSERT INTO ATHLETE (id_A, nom_A, prenom_A, sexe_A, id_P, force_A, endurance, agilite, id_E) VALUES (276, 'Moreau', 'Anna', 'F', 1, 14, 3, 4, 63);
INSERT INTO ATHLETE (id_A, nom_A, prenom_A, sexe_A, id_P, force_A, endurance, agilite, id_E) VALUES (277, 'Mori', 'Haruto', 'M', 3, 14, 18, 4, 63);
INSERT INTO ATHLETE (id_A, nom_A, prenom_A, sexe_A, id_P, force_A, endurance, agilite, id_E) VALUES (278, 'Sun', 'Zhu', 'M', 2, 16, 1, 8, 63);
INSERT INTO ATHLETE (id_A, nom_A, prenom_A, sexe_A, id_P, force_A, endurance, agilite, id_E) VALUES (279, 'He', 'Yan', 'M', 9, 12, 11, 11, 63);
INSERT INTO ATHLETE (id_A, nom_A, prenom_A, sexe_A, id_P, force_A, endurance, agilite, id_E) VALUES (280, 'Hoffmann', 'Lina', 'F', 5, 9, 15, 15, 36);
INSERT INTO ATHLETE (id_A, nom_A, prenom_A, sexe_A, id_P, force_A, endurance, agilite, id_E) VALUES (281, 'Robert', 'Léa', 'M', 8, 16, 15, 8, 62);
INSERT INTO ATHLETE (id_A, nom_A, prenom_A, sexe_A, id_P, force_A, endurance, agilite, id_E) VALUES (282, 'Wang', 'Yiming', 'M', 7, 11, 12, 5, 53);
INSERT INTO ATHLETE (id_A, nom_A, prenom_A, sexe_A, id_P, force_A, endurance, agilite, id_E) VALUES (283, 'Lambert', 'Sacha', 'M', 9, 8, 10, 13, 70);
INSERT INTO ATHLETE (id_A, nom_A, prenom_A, sexe_A, id_P, force_A, endurance, agilite, id_E) VALUES (284, 'Faure', 'Inès', 'M', 4, 3, 3, 12, 29);
INSERT INTO ATHLETE (id_A, nom_A, prenom_A, sexe_A, id_P, force_A, endurance, agilite, id_E) VALUES (285, 'Zhang', 'Guo', 'F', 1, 10, 2, 19, 6);
INSERT INTO ATHLETE (id_A, nom_A, prenom_A, sexe_A, id_P, force_A, endurance, agilite, id_E) VALUES (286, 'Ishii', 'Naoki', 'M', 1, 14, 15, 11, 6);
INSERT INTO ATHLETE (id_A, nom_A, prenom_A, sexe_A, id_P, force_A, endurance, agilite, id_E) VALUES (287, 'Nakamura', 'Asuka', 'F', 1, 9, 16, 14, 6);
INSERT INTO ATHLETE (id_A, nom_A, prenom_A, sexe_A, id_P, force_A, endurance, agilite, id_E) VALUES (288, 'Lefebvre', 'Louise', 'M', 5, 17, 10, 6, 37);
INSERT INTO ATHLETE (id_A, nom_A, prenom_A, sexe_A, id_P, force_A, endurance, agilite, id_E) VALUES (289, 'Ma', 'Yan', 'M', 10, 14, 13, 1, 37);
INSERT INTO ATHLETE (id_A, nom_A, prenom_A, sexe_A, id_P, force_A, endurance, agilite, id_E) VALUES (290, 'Sun', 'Xiang', 'F', 3, 15, 1, 7, 20);
INSERT INTO ATHLETE (id_A, nom_A, prenom_A, sexe_A, id_P, force_A, endurance, agilite, id_E) VALUES (291, 'Schulze', 'Hannah', 'F', 10, 7, 3, 19, 20);
INSERT INTO ATHLETE (id_A, nom_A, prenom_A, sexe_A, id_P, force_A, endurance, agilite, id_E) VALUES (292, 'Wu', 'Xiang', 'M', 9, 19, 16, 16, 68);
INSERT INTO ATHLETE (id_A, nom_A, prenom_A, sexe_A, id_P, force_A, endurance, agilite, id_E) VALUES (293, 'Wu', 'Xu', 'F', 8, 5, 10, 18, 61);
INSERT INTO ATHLETE (id_A, nom_A, prenom_A, sexe_A, id_P, force_A, endurance, agilite, id_E) VALUES (294, 'Hu', 'Jun', 'F', 1, 16, 6, 20, 61);
INSERT INTO ATHLETE (id_A, nom_A, prenom_A, sexe_A, id_P, force_A, endurance, agilite, id_E) VALUES (295, 'Sun', 'Qian', 'M', 4, 17, 14, 3, 61);
INSERT INTO ATHLETE (id_A, nom_A, prenom_A, sexe_A, id_P, force_A, endurance, agilite, id_E) VALUES (296, 'Ito', 'Hinata', 'F', 8, 19, 15, 8, 61);
INSERT INTO ATHLETE (id_A, nom_A, prenom_A, sexe_A, id_P, force_A, endurance, agilite, id_E) VALUES (297, 'Guo', 'Yang', 'M', 9, 15, 1, 12, 68);
INSERT INTO ATHLETE (id_A, nom_A, prenom_A, sexe_A, id_P, force_A, endurance, agilite, id_E) VALUES (298, 'Kimura', 'Takumi', 'M', 5, 12, 17, 11, 35);
INSERT INTO ATHLETE (id_A, nom_A, prenom_A, sexe_A, id_P, force_A, endurance, agilite, id_E) VALUES (299, 'Suzuki', 'Hiroshi', 'F', 5, 7, 13, 4, 35);
INSERT INTO ATHLETE (id_A, nom_A, prenom_A, sexe_A, id_P, force_A, endurance, agilite, id_E) VALUES (300, 'Moreau', 'Emma', 'M', 10, 19, 10, 18, 35);
INSERT INTO ATHLETE (id_A, nom_A, prenom_A, sexe_A, id_P, force_A, endurance, agilite, id_E) VALUES (301, 'Martin', 'Lola', 'M', 1, 12, 9, 13, 35);
INSERT INTO ATHLETE (id_A, nom_A, prenom_A, sexe_A, id_P, force_A, endurance, agilite, id_E) VALUES (302, 'Maeda', 'Ren', 'F', 8, 17, 5, 5, 35);
INSERT INTO ATHLETE (id_A, nom_A, prenom_A, sexe_A, id_P, force_A, endurance, agilite, id_E) VALUES (303, 'Lefebvre', 'Alice', 'F', 6, 13, 7, 15, 35);
INSERT INTO ATHLETE (id_A, nom_A, prenom_A, sexe_A, id_P, force_A, endurance, agilite, id_E) VALUES (304, 'Zhao', 'Min', 'F', 5, 9, 10, 20, 36);
INSERT INTO ATHLETE (id_A, nom_A, prenom_A, sexe_A, id_P, force_A, endurance, agilite, id_E) VALUES (305, 'Inoue', 'Ren', 'F', 8, 18, 14, 16, 36);
INSERT INTO ATHLETE (id_A, nom_A, prenom_A, sexe_A, id_P, force_A, endurance, agilite, id_E) VALUES (306, 'Schmid', 'Leon', 'M', 3, 1, 7, 10, 36);
INSERT INTO ATHLETE (id_A, nom_A, prenom_A, sexe_A, id_P, force_A, endurance, agilite, id_E) VALUES (307, 'Leroy', 'Alice', 'M', 4, 9, 8, 15, 36);
INSERT INTO ATHLETE (id_A, nom_A, prenom_A, sexe_A, id_P, force_A, endurance, agilite, id_E) VALUES (308, 'Zhu', 'Zhou', 'M', 7, 8, 19, 6, 36);
INSERT INTO ATHLETE (id_A, nom_A, prenom_A, sexe_A, id_P, force_A, endurance, agilite, id_E) VALUES (309, 'Sato', 'Takumi', 'M', 8, 10, 1, 20, 36);
INSERT INTO ATHLETE (id_A, nom_A, prenom_A, sexe_A, id_P, force_A, endurance, agilite, id_E) VALUES (310, 'Hasegawa', 'Sora', 'M', 4, 20, 2, 4, 36);
INSERT INTO ATHLETE (id_A, nom_A, prenom_A, sexe_A, id_P, force_A, endurance, agilite, id_E) VALUES (311, 'Hayashi', 'Ren', 'F', 7, 12, 11, 2, 54);
INSERT INTO ATHLETE (id_A, nom_A, prenom_A, sexe_A, id_P, force_A, endurance, agilite, id_E) VALUES (312, 'Kato', 'Takeshi', 'F', 3, 17, 9, 14, 22);
INSERT INTO ATHLETE (id_A, nom_A, prenom_A, sexe_A, id_P, force_A, endurance, agilite, id_E) VALUES (313, 'He', 'Hu', 'F', 2, 16, 13, 19, 22);
INSERT INTO ATHLETE (id_A, nom_A, prenom_A, sexe_A, id_P, force_A, endurance, agilite, id_E) VALUES (314, 'Thomas', 'Manon', 'M', 7, 14, 16, 14, 22);
INSERT INTO ATHLETE (id_A, nom_A, prenom_A, sexe_A, id_P, force_A, endurance, agilite, id_E) VALUES (315, 'Yoshida', 'Takeshi', 'M', 1, 14, 3, 7, 5);
INSERT INTO ATHLETE (id_A, nom_A, prenom_A, sexe_A, id_P, force_A, endurance, agilite, id_E) VALUES (316, 'Murakami', 'Kokoro', 'M', 10, 18, 19, 14, 5);
INSERT INTO ATHLETE (id_A, nom_A, prenom_A, sexe_A, id_P, force_A, endurance, agilite, id_E) VALUES (317, 'Wu', 'Jing', 'M', 5, 17, 19, 19, 5);
INSERT INTO ATHLETE (id_A, nom_A, prenom_A, sexe_A, id_P, force_A, endurance, agilite, id_E) VALUES (318, 'Leroy', 'Anna', 'F', 7, 2, 20, 9, 5);
INSERT INTO ATHLETE (id_A, nom_A, prenom_A, sexe_A, id_P, force_A, endurance, agilite, id_E) VALUES (319, 'Gao', 'Wu', 'F', 8, 5, 19, 19, 5);
INSERT INTO ATHLETE (id_A, nom_A, prenom_A, sexe_A, id_P, force_A, endurance, agilite, id_E) VALUES (320, 'Sato', 'Ryota', 'F', 6, 2, 16, 19, 5);
INSERT INTO ATHLETE (id_A, nom_A, prenom_A, sexe_A, id_P, force_A, endurance, agilite, id_E) VALUES (321, 'Schmitt', 'Finn', 'M', 7, 14, 18, 14, 5);
INSERT INTO ATHLETE (id_A, nom_A, prenom_A, sexe_A, id_P, force_A, endurance, agilite, id_E) VALUES (322, 'Inoue', 'Hana', 'F', 10, 6, 14, 20, 5);
INSERT INTO ATHLETE (id_A, nom_A, prenom_A, sexe_A, id_P, force_A, endurance, agilite, id_E) VALUES (323, 'Saito', 'Takeshi', 'M', 1, 17, 3, 17, 5);
INSERT INTO ATHLETE (id_A, nom_A, prenom_A, sexe_A, id_P, force_A, endurance, agilite, id_E) VALUES (324, 'Wang', 'He', 'M', 2, 11, 19, 19, 13);
INSERT INTO ATHLETE (id_A, nom_A, prenom_A, sexe_A, id_P, force_A, endurance, agilite, id_E) VALUES (325, 'Kato', 'Haruka', 'M', 2, 16, 3, 11, 13);
INSERT INTO ATHLETE (id_A, nom_A, prenom_A, sexe_A, id_P, force_A, endurance, agilite, id_E) VALUES (326, 'Richard', 'Nolan', 'M', 6, 11, 5, 17, 13);
INSERT INTO ATHLETE (id_A, nom_A, prenom_A, sexe_A, id_P, force_A, endurance, agilite, id_E) VALUES (327, 'Koch', 'Anna', 'F', 3, 19, 19, 3, 22);
INSERT INTO ATHLETE (id_A, nom_A, prenom_A, sexe_A, id_P, force_A, endurance, agilite, id_E) VALUES (328, 'Sakai', 'Kokoro', 'M', 8, 3, 7, 3, 22);
INSERT INTO ATHLETE (id_A, nom_A, prenom_A, sexe_A, id_P, force_A, endurance, agilite, id_E) VALUES (329, 'Guo', 'Wang', 'M', 8, 9, 12, 13, 22);
INSERT INTO ATHLETE (id_A, nom_A, prenom_A, sexe_A, id_P, force_A, endurance, agilite, id_E) VALUES (330, 'Kato', 'Takumi', 'F', 8, 16, 8, 16, 22);
INSERT INTO ATHLETE (id_A, nom_A, prenom_A, sexe_A, id_P, force_A, endurance, agilite, id_E) VALUES (331, 'Ma', 'He', 'M', 10, 2, 6, 18, 78);
INSERT INTO ATHLETE (id_A, nom_A, prenom_A, sexe_A, id_P, force_A, endurance, agilite, id_E) VALUES (332, 'Mori', 'Hinata', 'M', 2, 1, 8, 6, 78);
INSERT INTO ATHLETE (id_A, nom_A, prenom_A, sexe_A, id_P, force_A, endurance, agilite, id_E) VALUES (333, 'Kimura', 'Mio', 'M', 7, 18, 7, 2, 78);
INSERT INTO ATHLETE (id_A, nom_A, prenom_A, sexe_A, id_P, force_A, endurance, agilite, id_E) VALUES (334, 'Richard', 'Anna', 'M', 9, 14, 17, 13, 78);
INSERT INTO ATHLETE (id_A, nom_A, prenom_A, sexe_A, id_P, force_A, endurance, agilite, id_E) VALUES (335, 'Yamamoto', 'Haruto', 'F', 6, 5, 15, 5, 46);
INSERT INTO ATHLETE (id_A, nom_A, prenom_A, sexe_A, id_P, force_A, endurance, agilite, id_E) VALUES (336, 'Watanabe', 'Yuna', 'F', 3, 17, 7, 8, 46);
INSERT INTO ATHLETE (id_A, nom_A, prenom_A, sexe_A, id_P, force_A, endurance, agilite, id_E) VALUES (337, 'Giraud', 'Jade', 'M', 2, 11, 5, 6, 13);
INSERT INTO ATHLETE (id_A, nom_A, prenom_A, sexe_A, id_P, force_A, endurance, agilite, id_E) VALUES (338, 'Matsumoto', 'Saki', 'M', 3, 17, 11, 16, 13);
INSERT INTO ATHLETE (id_A, nom_A, prenom_A, sexe_A, id_P, force_A, endurance, agilite, id_E) VALUES (339, 'Inoue', 'Ren', 'F', 9, 19, 19, 1, 13);
INSERT INTO ATHLETE (id_A, nom_A, prenom_A, sexe_A, id_P, force_A, endurance, agilite, id_E) VALUES (340, 'Dubois', 'Raphaël', 'M', 10, 20, 3, 12, 13);
INSERT INTO ATHLETE (id_A, nom_A, prenom_A, sexe_A, id_P, force_A, endurance, agilite, id_E) VALUES (341, 'Robin', 'Gabin', 'F', 5, 2, 10, 17, 13);
INSERT INTO ATHLETE (id_A, nom_A, prenom_A, sexe_A, id_P, force_A, endurance, agilite, id_E) VALUES (342, 'Zhou', 'Hong', 'M', 10, 4, 13, 7, 13);
INSERT INTO ATHLETE (id_A, nom_A, prenom_A, sexe_A, id_P, force_A, endurance, agilite, id_E) VALUES (343, 'Gao', 'Hui', 'M', 8, 8, 17, 17, 13);
INSERT INTO ATHLETE (id_A, nom_A, prenom_A, sexe_A, id_P, force_A, endurance, agilite, id_E) VALUES (344, 'Neumann', 'Lukas', 'F', 5, 20, 9, 16, 13);
INSERT INTO ATHLETE (id_A, nom_A, prenom_A, sexe_A, id_P, force_A, endurance, agilite, id_E) VALUES (345, 'Fournier', 'Zoé', 'F', 3, 4, 6, 6, 13);
INSERT INTO ATHLETE (id_A, nom_A, prenom_A, sexe_A, id_P, force_A, endurance, agilite, id_E) VALUES (346, 'Simon', 'Lucas', 'F', 5, 17, 13, 19, 13);
INSERT INTO ATHLETE (id_A, nom_A, prenom_A, sexe_A, id_P, force_A, endurance, agilite, id_E) VALUES (347, 'Murakami', 'Ren', 'F', 6, 5, 5, 12, 13);
INSERT INTO ATHLETE (id_A, nom_A, prenom_A, sexe_A, id_P, force_A, endurance, agilite, id_E) VALUES (348, 'Gao', 'Wang', 'M', 7, 19, 9, 17, 13);
INSERT INTO ATHLETE (id_A, nom_A, prenom_A, sexe_A, id_P, force_A, endurance, agilite, id_E) VALUES (349, 'Murakami', 'Akira', 'M', 4, 13, 5, 7, 13);
INSERT INTO ATHLETE (id_A, nom_A, prenom_A, sexe_A, id_P, force_A, endurance, agilite, id_E) VALUES (350, 'Huang', 'Yan', 'M', 1, 7, 17, 17, 13);
INSERT INTO ATHLETE (id_A, nom_A, prenom_A, sexe_A, id_P, force_A, endurance, agilite, id_E) VALUES (351, 'Maeda', 'Kaito', 'F', 5, 8, 13, 17, 13);
INSERT INTO ATHLETE (id_A, nom_A, prenom_A, sexe_A, id_P, force_A, endurance, agilite, id_E) VALUES (352, 'Wu', 'Wu', 'M', 4, 1, 9, 3, 13);
INSERT INTO ATHLETE (id_A, nom_A, prenom_A, sexe_A, id_P, force_A, endurance, agilite, id_E) VALUES (353, 'He', 'Xu', 'M', 3, 4, 5, 20, 21);
INSERT INTO ATHLETE (id_A, nom_A, prenom_A, sexe_A, id_P, force_A, endurance, agilite, id_E) VALUES (354, 'Saito', 'Yuma', 'M', 10, 10, 2, 12, 21);
INSERT INTO ATHLETE (id_A, nom_A, prenom_A, sexe_A, id_P, force_A, endurance, agilite, id_E) VALUES (355, 'Sun', 'Wu', 'M', 6, 19, 6, 6, 21);
INSERT INTO ATHLETE (id_A, nom_A, prenom_A, sexe_A, id_P, force_A, endurance, agilite, id_E) VALUES (356, 'Ito', 'Akira', 'M', 1, 2, 9, 19, 21);
INSERT INTO ATHLETE (id_A, nom_A, prenom_A, sexe_A, id_P, force_A, endurance, agilite, id_E) VALUES (357, 'Petit', 'Camille', 'M', 1, 13, 5, 4, 21);
INSERT INTO ATHLETE (id_A, nom_A, prenom_A, sexe_A, id_P, force_A, endurance, agilite, id_E) VALUES (358, 'Krause', 'Johanna', 'F', 9, 10, 11, 9, 21);
INSERT INTO ATHLETE (id_A, nom_A, prenom_A, sexe_A, id_P, force_A, endurance, agilite, id_E) VALUES (359, 'Hayashi', 'Yuma', 'F', 8, 17, 18, 10, 21);
INSERT INTO ATHLETE (id_A, nom_A, prenom_A, sexe_A, id_P, force_A, endurance, agilite, id_E) VALUES (360, 'Zhu', 'Lan', 'F', 4, 10, 10, 2, 30);
INSERT INTO ATHLETE (id_A, nom_A, prenom_A, sexe_A, id_P, force_A, endurance, agilite, id_E) VALUES (361, 'Watanabe', 'Shiori', 'F', 1, 9, 6, 7, 30);
INSERT INTO ATHLETE (id_A, nom_A, prenom_A, sexe_A, id_P, force_A, endurance, agilite, id_E) VALUES (362, 'Zhang', 'Wei', 'M', 7, 19, 9, 13, 30);
INSERT INTO ATHLETE (id_A, nom_A, prenom_A, sexe_A, id_P, force_A, endurance, agilite, id_E) VALUES (363, 'Murakami', 'Yuma', 'F', 3, 16, 16, 4, 30);
INSERT INTO ATHLETE (id_A, nom_A, prenom_A, sexe_A, id_P, force_A, endurance, agilite, id_E) VALUES (364, 'Yoshida', 'Yuto', 'M', 8, 14, 10, 10, 30);
INSERT INTO ATHLETE (id_A, nom_A, prenom_A, sexe_A, id_P, force_A, endurance, agilite, id_E) VALUES (365, 'Sato', 'Takeshi', 'F', 10, 5, 3, 8, 30);
INSERT INTO ATHLETE (id_A, nom_A, prenom_A, sexe_A, id_P, force_A, endurance, agilite, id_E) VALUES (366, 'Faure', 'Ethan', 'M', 1, 19, 4, 16, 30);
INSERT INTO ATHLETE (id_A, nom_A, prenom_A, sexe_A, id_P, force_A, endurance, agilite, id_E) VALUES (367, 'Yang', 'Jing', 'M', 2, 7, 11, 7, 30);
INSERT INTO ATHLETE (id_A, nom_A, prenom_A, sexe_A, id_P, force_A, endurance, agilite, id_E) VALUES (368, 'Fontaine', 'Théo', 'M', 10, 1, 10, 10, 30);
INSERT INTO ATHLETE (id_A, nom_A, prenom_A, sexe_A, id_P, force_A, endurance, agilite, id_E) VALUES (369, 'Fournier', 'Théo', 'F', 3, 18, 3, 5, 30);
INSERT INTO ATHLETE (id_A, nom_A, prenom_A, sexe_A, id_P, force_A, endurance, agilite, id_E) VALUES (370, 'Durand', 'Arthur', 'M', 8, 3, 15, 19, 30);
INSERT INTO ATHLETE (id_A, nom_A, prenom_A, sexe_A, id_P, force_A, endurance, agilite, id_E) VALUES (371, 'Tanaka', 'Yui', 'F', 1, 14, 18, 20, 30);
INSERT INTO ATHLETE (id_A, nom_A, prenom_A, sexe_A, id_P, force_A, endurance, agilite, id_E) VALUES (372, 'Zhou', 'Fang', 'F', 2, 3, 18, 5, 30);
INSERT INTO ATHLETE (id_A, nom_A, prenom_A, sexe_A, id_P, force_A, endurance, agilite, id_E) VALUES (373, 'Xu', 'Wang', 'M', 5, 7, 12, 18, 30);
INSERT INTO ATHLETE (id_A, nom_A, prenom_A, sexe_A, id_P, force_A, endurance, agilite, id_E) VALUES (374, 'Wang', 'Wei', 'F', 6, 15, 4, 19, 30);
INSERT INTO ATHLETE (id_A, nom_A, prenom_A, sexe_A, id_P, force_A, endurance, agilite, id_E) VALUES (375, 'Yamada', 'Hiroshi', 'F', 3, 1, 8, 12, 30);
INSERT INTO ATHLETE (id_A, nom_A, prenom_A, sexe_A, id_P, force_A, endurance, agilite, id_E) VALUES (376, 'Nakamura', 'Daiki', 'F', 5, 6, 5, 16, 30);
INSERT INTO ATHLETE (id_A, nom_A, prenom_A, sexe_A, id_P, force_A, endurance, agilite, id_E) VALUES (377, 'Ogawa', 'Kaito', 'F', 1, 6, 3, 2, 6);
INSERT INTO ATHLETE (id_A, nom_A, prenom_A, sexe_A, id_P, force_A, endurance, agilite, id_E) VALUES (378, 'Saito', 'Yui', 'F', 8, 1, 17, 9, 6);
INSERT INTO ATHLETE (id_A, nom_A, prenom_A, sexe_A, id_P, force_A, endurance, agilite, id_E) VALUES (379, 'Watanabe', 'Mio', 'M', 6, 11, 1, 20, 6);
INSERT INTO ATHLETE (id_A, nom_A, prenom_A, sexe_A, id_P, force_A, endurance, agilite, id_E) VALUES (380, 'Wu', 'Shuang', 'M', 5, 11, 10, 18, 6);
INSERT INTO ATHLETE (id_A, nom_A, prenom_A, sexe_A, id_P, force_A, endurance, agilite, id_E) VALUES (381, 'Blanc', 'Jules', 'F', 6, 3, 5, 11, 6);
INSERT INTO ATHLETE (id_A, nom_A, prenom_A, sexe_A, id_P, force_A, endurance, agilite, id_E) VALUES (382, 'Ogawa', 'Sakura', 'F', 9, 11, 2, 11, 6);
INSERT INTO ATHLETE (id_A, nom_A, prenom_A, sexe_A, id_P, force_A, endurance, agilite, id_E) VALUES (383, 'Mercier', 'Arthur', 'F', 2, 1, 6, 5, 6);
INSERT INTO ATHLETE (id_A, nom_A, prenom_A, sexe_A, id_P, force_A, endurance, agilite, id_E) VALUES (384, 'Yamaguchi', 'Riko', 'M', 7, 16, 7, 2, 6);
INSERT INTO ATHLETE (id_A, nom_A, prenom_A, sexe_A, id_P, force_A, endurance, agilite, id_E) VALUES (385, 'Wagner', 'Ben', 'F', 6, 2, 9, 13, 46);
INSERT INTO ATHLETE (id_A, nom_A, prenom_A, sexe_A, id_P, force_A, endurance, agilite, id_E) VALUES (386, 'Shibata', 'Daiki', 'F', 9, 17, 18, 19, 46);
INSERT INTO ATHLETE (id_A, nom_A, prenom_A, sexe_A, id_P, force_A, endurance, agilite, id_E) VALUES (387, 'Zhu', 'Shuang', 'M', 5, 5, 6, 2, 37);
INSERT INTO ATHLETE (id_A, nom_A, prenom_A, sexe_A, id_P, force_A, endurance, agilite, id_E) VALUES (388, 'Nakamura', 'Akira', 'M', 6, 11, 6, 11, 37);
INSERT INTO ATHLETE (id_A, nom_A, prenom_A, sexe_A, id_P, force_A, endurance, agilite, id_E) VALUES (389, 'Li', 'Ting', 'F', 3, 16, 15, 2, 37);
INSERT INTO ATHLETE (id_A, nom_A, prenom_A, sexe_A, id_P, force_A, endurance, agilite, id_E) VALUES (390, 'Dupont', 'Sacha', 'M', 6, 5, 8, 11, 37);
INSERT INTO ATHLETE (id_A, nom_A, prenom_A, sexe_A, id_P, force_A, endurance, agilite, id_E) VALUES (391, 'Ito', 'Hana', 'F', 9, 19, 20, 8, 37);
INSERT INTO ATHLETE (id_A, nom_A, prenom_A, sexe_A, id_P, force_A, endurance, agilite, id_E) VALUES (392, 'Faure', 'Tom', 'M', 5, 3, 10, 13, 37);
INSERT INTO ATHLETE (id_A, nom_A, prenom_A, sexe_A, id_P, force_A, endurance, agilite, id_E) VALUES (393, 'Kondo', 'Sora', 'M', 2, 16, 20, 4, 37);
INSERT INTO ATHLETE (id_A, nom_A, prenom_A, sexe_A, id_P, force_A, endurance, agilite, id_E) VALUES (394, 'Laurent', 'Hugo', 'F', 8, 11, 16, 9, 37);
INSERT INTO ATHLETE (id_A, nom_A, prenom_A, sexe_A, id_P, force_A, endurance, agilite, id_E) VALUES (395, 'Xu', 'Li', 'F', 1, 7, 8, 19, 6);
INSERT INTO ATHLETE (id_A, nom_A, prenom_A, sexe_A, id_P, force_A, endurance, agilite, id_E) VALUES (396, 'Fontaine', 'Emma', 'M', 1, 11, 13, 2, 5);
INSERT INTO ATHLETE (id_A, nom_A, prenom_A, sexe_A, id_P, force_A, endurance, agilite, id_E) VALUES (397, 'Giraud', 'Nolan', 'M', 1, 19, 15, 13, 5);
INSERT INTO ATHLETE (id_A, nom_A, prenom_A, sexe_A, id_P, force_A, endurance, agilite, id_E) VALUES (398, 'Xu', 'Hu', 'F', 4, 14, 2, 15, 30);
INSERT INTO ATHLETE (id_A, nom_A, prenom_A, sexe_A, id_P, force_A, endurance, agilite, id_E) VALUES (399, 'Sato', 'Ryota', 'M', 5, 17, 3, 12, 37);
INSERT INTO ATHLETE (id_A, nom_A, prenom_A, sexe_A, id_P, force_A, endurance, agilite, id_E) VALUES (400, 'Thomas', 'Louis', 'M', 6, 18, 19, 20, 45);
INSERT INTO PARTICIPER (id_A, id_Ep) VALUES (1, 7);
INSERT INTO PARTICIPER (id_A, id_Ep) VALUES (2, 7);
INSERT INTO PARTICIPER (id_A, id_Ep) VALUES (3, 9);
INSERT INTO PARTICIPER (id_A, id_Ep) VALUES (4, 9);
INSERT INTO PARTICIPER (id_A, id_Ep) VALUES (5, 14);
INSERT INTO PARTICIPER (id_A, id_Ep) VALUES (6, 5);
INSERT INTO PARTICIPER (id_A, id_Ep) VALUES (7, 6);
INSERT INTO PARTICIPER (id_A, id_Ep) VALUES (8, 13);
INSERT INTO PARTICIPER (id_A, id_Ep) VALUES (9, 5);
INSERT INTO PARTICIPER (id_A, id_Ep) VALUES (10, 8);
INSERT INTO PARTICIPER (id_A, id_Ep) VALUES (11, 6);
INSERT INTO PARTICIPER (id_A, id_Ep) VALUES (12, 6);
INSERT INTO PARTICIPER (id_A, id_Ep) VALUES (13, 9);
INSERT INTO PARTICIPER (id_A, id_Ep) VALUES (14, 9);
INSERT INTO PARTICIPER (id_A, id_Ep) VALUES (15, 9);
INSERT INTO PARTICIPER (id_A, id_Ep) VALUES (16, 5);
INSERT INTO PARTICIPER (id_A, id_Ep) VALUES (17, 8);
INSERT INTO PARTICIPER (id_A, id_Ep) VALUES (18, 15);
INSERT INTO PARTICIPER (id_A, id_Ep) VALUES (19, 8);
INSERT INTO PARTICIPER (id_A, id_Ep) VALUES (20, 8);
INSERT INTO PARTICIPER (id_A, id_Ep) VALUES (21, 15);
INSERT INTO PARTICIPER (id_A, id_Ep) VALUES (22, 15);
INSERT INTO PARTICIPER (id_A, id_Ep) VALUES (23, 15);
INSERT INTO PARTICIPER (id_A, id_Ep) VALUES (24, 5);
INSERT INTO PARTICIPER (id_A, id_Ep) VALUES (25, 5);
INSERT INTO PARTICIPER (id_A, id_Ep) VALUES (26, 8);
INSERT INTO PARTICIPER (id_A, id_Ep) VALUES (27, 5);
INSERT INTO PARTICIPER (id_A, id_Ep) VALUES (28, 9);
INSERT INTO PARTICIPER (id_A, id_Ep) VALUES (29, 8);
INSERT INTO PARTICIPER (id_A, id_Ep) VALUES (30, 8);
INSERT INTO PARTICIPER (id_A, id_Ep) VALUES (31, 10);
INSERT INTO PARTICIPER (id_A, id_Ep) VALUES (32, 10);
INSERT INTO PARTICIPER (id_A, id_Ep) VALUES (33, 11);
INSERT INTO PARTICIPER (id_A, id_Ep) VALUES (34, 15);
INSERT INTO PARTICIPER (id_A, id_Ep) VALUES (35, 15);
INSERT INTO PARTICIPER (id_A, id_Ep) VALUES (36, 12);
INSERT INTO PARTICIPER (id_A, id_Ep) VALUES (37, 7);
INSERT INTO PARTICIPER (id_A, id_Ep) VALUES (38, 7);
INSERT INTO PARTICIPER (id_A, id_Ep) VALUES (39, 5);
INSERT INTO PARTICIPER (id_A, id_Ep) VALUES (40, 11);
INSERT INTO PARTICIPER (id_A, id_Ep) VALUES (41, 13);
INSERT INTO PARTICIPER (id_A, id_Ep) VALUES (42, 5);
INSERT INTO PARTICIPER (id_A, id_Ep) VALUES (43, 8);
INSERT INTO PARTICIPER (id_A, id_Ep) VALUES (44, 16);
INSERT INTO PARTICIPER (id_A, id_Ep) VALUES (45, 16);
INSERT INTO PARTICIPER (id_A, id_Ep) VALUES (46, 14);
INSERT INTO PARTICIPER (id_A, id_Ep) VALUES (47, 5);
INSERT INTO PARTICIPER (id_A, id_Ep) VALUES (48, 12);
INSERT INTO PARTICIPER (id_A, id_Ep) VALUES (49, 10);
INSERT INTO PARTICIPER (id_A, id_Ep) VALUES (50, 6);
INSERT INTO PARTICIPER (id_A, id_Ep) VALUES (51, 15);
INSERT INTO PARTICIPER (id_A, id_Ep) VALUES (52, 11);
INSERT INTO PARTICIPER (id_A, id_Ep) VALUES (53, 6);
INSERT INTO PARTICIPER (id_A, id_Ep) VALUES (54, 15);
INSERT INTO PARTICIPER (id_A, id_Ep) VALUES (55, 13);
INSERT INTO PARTICIPER (id_A, id_Ep) VALUES (56, 13);
INSERT INTO PARTICIPER (id_A, id_Ep) VALUES (57, 11);
INSERT INTO PARTICIPER (id_A, id_Ep) VALUES (58, 8);
INSERT INTO PARTICIPER (id_A, id_Ep) VALUES (59, 5);
INSERT INTO PARTICIPER (id_A, id_Ep) VALUES (60, 16);
INSERT INTO PARTICIPER (id_A, id_Ep) VALUES (61, 13);
INSERT INTO PARTICIPER (id_A, id_Ep) VALUES (62, 5);
INSERT INTO PARTICIPER (id_A, id_Ep) VALUES (63, 7);
INSERT INTO PARTICIPER (id_A, id_Ep) VALUES (64, 7);
INSERT INTO PARTICIPER (id_A, id_Ep) VALUES (65, 8);
INSERT INTO PARTICIPER (id_A, id_Ep) VALUES (66, 11);
INSERT INTO PARTICIPER (id_A, id_Ep) VALUES (67, 16);
INSERT INTO PARTICIPER (id_A, id_Ep) VALUES (68, 5);
INSERT INTO PARTICIPER (id_A, id_Ep) VALUES (69, 5);
INSERT INTO PARTICIPER (id_A, id_Ep) VALUES (70, 9);
INSERT INTO PARTICIPER (id_A, id_Ep) VALUES (71, 14);
INSERT INTO PARTICIPER (id_A, id_Ep) VALUES (72, 10);
INSERT INTO PARTICIPER (id_A, id_Ep) VALUES (73, 10);
INSERT INTO PARTICIPER (id_A, id_Ep) VALUES (74, 10);
INSERT INTO PARTICIPER (id_A, id_Ep) VALUES (75, 15);
INSERT INTO PARTICIPER (id_A, id_Ep) VALUES (76, 5);
INSERT INTO PARTICIPER (id_A, id_Ep) VALUES (77, 8);
INSERT INTO PARTICIPER (id_A, id_Ep) VALUES (78, 8);
INSERT INTO PARTICIPER (id_A, id_Ep) VALUES (79, 9);
INSERT INTO PARTICIPER (id_A, id_Ep) VALUES (80, 10);
INSERT INTO PARTICIPER (id_A, id_Ep) VALUES (81, 5);
INSERT INTO PARTICIPER (id_A, id_Ep) VALUES (82, 14);
INSERT INTO PARTICIPER (id_A, id_Ep) VALUES (83, 9);
INSERT INTO PARTICIPER (id_A, id_Ep) VALUES (84, 13);
INSERT INTO PARTICIPER (id_A, id_Ep) VALUES (85, 9);
INSERT INTO PARTICIPER (id_A, id_Ep) VALUES (86, 11);
INSERT INTO PARTICIPER (id_A, id_Ep) VALUES (87, 7);
INSERT INTO PARTICIPER (id_A, id_Ep) VALUES (88, 13);
INSERT INTO PARTICIPER (id_A, id_Ep) VALUES (89, 14);
INSERT INTO PARTICIPER (id_A, id_Ep) VALUES (90, 11);
INSERT INTO PARTICIPER (id_A, id_Ep) VALUES (91, 6);
INSERT INTO PARTICIPER (id_A, id_Ep) VALUES (92, 12);
INSERT INTO PARTICIPER (id_A, id_Ep) VALUES (93, 10);
INSERT INTO PARTICIPER (id_A, id_Ep) VALUES (94, 5);
INSERT INTO PARTICIPER (id_A, id_Ep) VALUES (95, 10);
INSERT INTO PARTICIPER (id_A, id_Ep) VALUES (96, 9);
INSERT INTO PARTICIPER (id_A, id_Ep) VALUES (97, 15);
INSERT INTO PARTICIPER (id_A, id_Ep) VALUES (98, 10);
INSERT INTO PARTICIPER (id_A, id_Ep) VALUES (99, 10);
INSERT INTO PARTICIPER (id_A, id_Ep) VALUES (100, 15);
INSERT INTO PARTICIPER (id_A, id_Ep) VALUES (101, 15);
INSERT INTO PARTICIPER (id_A, id_Ep) VALUES (102, 15);
INSERT INTO PARTICIPER (id_A, id_Ep) VALUES (103, 15);
INSERT INTO PARTICIPER (id_A, id_Ep) VALUES (104, 12);
INSERT INTO PARTICIPER (id_A, id_Ep) VALUES (105, 12);
INSERT INTO PARTICIPER (id_A, id_Ep) VALUES (106, 12);
INSERT INTO PARTICIPER (id_A, id_Ep) VALUES (107, 9);
INSERT INTO PARTICIPER (id_A, id_Ep) VALUES (108, 14);
INSERT INTO PARTICIPER (id_A, id_Ep) VALUES (109, 14);
INSERT INTO PARTICIPER (id_A, id_Ep) VALUES (110, 9);
INSERT INTO PARTICIPER (id_A, id_Ep) VALUES (111, 9);
INSERT INTO PARTICIPER (id_A, id_Ep) VALUES (112, 9);
INSERT INTO PARTICIPER (id_A, id_Ep) VALUES (113, 9);
INSERT INTO PARTICIPER (id_A, id_Ep) VALUES (114, 9);
INSERT INTO PARTICIPER (id_A, id_Ep) VALUES (115, 9);
INSERT INTO PARTICIPER (id_A, id_Ep) VALUES (116, 13);
INSERT INTO PARTICIPER (id_A, id_Ep) VALUES (117, 13);
INSERT INTO PARTICIPER (id_A, id_Ep) VALUES (118, 13);
INSERT INTO PARTICIPER (id_A, id_Ep) VALUES (119, 12);
INSERT INTO PARTICIPER (id_A, id_Ep) VALUES (120, 7);
INSERT INTO PARTICIPER (id_A, id_Ep) VALUES (121, 7);
INSERT INTO PARTICIPER (id_A, id_Ep) VALUES (122, 6);
INSERT INTO PARTICIPER (id_A, id_Ep) VALUES (123, 13);
INSERT INTO PARTICIPER (id_A, id_Ep) VALUES (124, 13);
INSERT INTO PARTICIPER (id_A, id_Ep) VALUES (125, 13);
INSERT INTO PARTICIPER (id_A, id_Ep) VALUES (126, 15);
INSERT INTO PARTICIPER (id_A, id_Ep) VALUES (127, 14);
INSERT INTO PARTICIPER (id_A, id_Ep) VALUES (128, 14);
INSERT INTO PARTICIPER (id_A, id_Ep) VALUES (129, 14);
INSERT INTO PARTICIPER (id_A, id_Ep) VALUES (130, 13);
INSERT INTO PARTICIPER (id_A, id_Ep) VALUES (131, 5);
INSERT INTO PARTICIPER (id_A, id_Ep) VALUES (132, 7);
INSERT INTO PARTICIPER (id_A, id_Ep) VALUES (133, 8);
INSERT INTO PARTICIPER (id_A, id_Ep) VALUES (134, 14);
INSERT INTO PARTICIPER (id_A, id_Ep) VALUES (135, 8);
INSERT INTO PARTICIPER (id_A, id_Ep) VALUES (136, 10);
INSERT INTO PARTICIPER (id_A, id_Ep) VALUES (137, 9);
INSERT INTO PARTICIPER (id_A, id_Ep) VALUES (138, 10);
INSERT INTO PARTICIPER (id_A, id_Ep) VALUES (139, 12);
INSERT INTO PARTICIPER (id_A, id_Ep) VALUES (140, 12);
INSERT INTO PARTICIPER (id_A, id_Ep) VALUES (141, 14);
INSERT INTO PARTICIPER (id_A, id_Ep) VALUES (142, 14);
INSERT INTO PARTICIPER (id_A, id_Ep) VALUES (143, 5);
INSERT INTO PARTICIPER (id_A, id_Ep) VALUES (144, 5);
INSERT INTO PARTICIPER (id_A, id_Ep) VALUES (145, 12);
INSERT INTO PARTICIPER (id_A, id_Ep) VALUES (146, 9);
INSERT INTO PARTICIPER (id_A, id_Ep) VALUES (147, 5);
INSERT INTO PARTICIPER (id_A, id_Ep) VALUES (148, 5);
INSERT INTO PARTICIPER (id_A, id_Ep) VALUES (149, 10);
INSERT INTO PARTICIPER (id_A, id_Ep) VALUES (150, 7);
INSERT INTO PARTICIPER (id_A, id_Ep) VALUES (151, 7);
INSERT INTO PARTICIPER (id_A, id_Ep) VALUES (152, 13);
INSERT INTO PARTICIPER (id_A, id_Ep) VALUES (153, 14);
INSERT INTO PARTICIPER (id_A, id_Ep) VALUES (154, 14);
INSERT INTO PARTICIPER (id_A, id_Ep) VALUES (155, 13);
INSERT INTO PARTICIPER (id_A, id_Ep) VALUES (156, 13);
INSERT INTO PARTICIPER (id_A, id_Ep) VALUES (157, 6);
INSERT INTO PARTICIPER (id_A, id_Ep) VALUES (158, 11);
INSERT INTO PARTICIPER (id_A, id_Ep) VALUES (159, 7);
INSERT INTO PARTICIPER (id_A, id_Ep) VALUES (160, 14);
INSERT INTO PARTICIPER (id_A, id_Ep) VALUES (161, 13);
INSERT INTO PARTICIPER (id_A, id_Ep) VALUES (162, 5);
INSERT INTO PARTICIPER (id_A, id_Ep) VALUES (163, 9);
INSERT INTO PARTICIPER (id_A, id_Ep) VALUES (164, 5);
INSERT INTO PARTICIPER (id_A, id_Ep) VALUES (165, 8);
INSERT INTO PARTICIPER (id_A, id_Ep) VALUES (166, 14);
INSERT INTO PARTICIPER (id_A, id_Ep) VALUES (167, 14);
INSERT INTO PARTICIPER (id_A, id_Ep) VALUES (168, 16);
INSERT INTO PARTICIPER (id_A, id_Ep) VALUES (169, 8);
INSERT INTO PARTICIPER (id_A, id_Ep) VALUES (170, 15);
INSERT INTO PARTICIPER (id_A, id_Ep) VALUES (171, 11);
INSERT INTO PARTICIPER (id_A, id_Ep) VALUES (172, 10);
INSERT INTO PARTICIPER (id_A, id_Ep) VALUES (173, 11);
INSERT INTO PARTICIPER (id_A, id_Ep) VALUES (174, 10);
INSERT INTO PARTICIPER (id_A, id_Ep) VALUES (175, 15);
INSERT INTO PARTICIPER (id_A, id_Ep) VALUES (176, 15);
INSERT INTO PARTICIPER (id_A, id_Ep) VALUES (177, 15);
INSERT INTO PARTICIPER (id_A, id_Ep) VALUES (178, 7);
INSERT INTO PARTICIPER (id_A, id_Ep) VALUES (179, 7);
INSERT INTO PARTICIPER (id_A, id_Ep) VALUES (180, 15);
INSERT INTO PARTICIPER (id_A, id_Ep) VALUES (181, 15);
INSERT INTO PARTICIPER (id_A, id_Ep) VALUES (182, 16);
INSERT INTO PARTICIPER (id_A, id_Ep) VALUES (183, 5);
INSERT INTO PARTICIPER (id_A, id_Ep) VALUES (184, 13);
INSERT INTO PARTICIPER (id_A, id_Ep) VALUES (185, 13);
INSERT INTO PARTICIPER (id_A, id_Ep) VALUES (186, 7);
INSERT INTO PARTICIPER (id_A, id_Ep) VALUES (187, 5);
INSERT INTO PARTICIPER (id_A, id_Ep) VALUES (188, 12);
INSERT INTO PARTICIPER (id_A, id_Ep) VALUES (189, 9);
INSERT INTO PARTICIPER (id_A, id_Ep) VALUES (190, 12);
INSERT INTO PARTICIPER (id_A, id_Ep) VALUES (191, 13);
INSERT INTO PARTICIPER (id_A, id_Ep) VALUES (192, 13);
INSERT INTO PARTICIPER (id_A, id_Ep) VALUES (193, 5);
INSERT INTO PARTICIPER (id_A, id_Ep) VALUES (194, 11);
INSERT INTO PARTICIPER (id_A, id_Ep) VALUES (195, 11);
INSERT INTO PARTICIPER (id_A, id_Ep) VALUES (196, 11);
INSERT INTO PARTICIPER (id_A, id_Ep) VALUES (197, 8);
INSERT INTO PARTICIPER (id_A, id_Ep) VALUES (198, 8);
INSERT INTO PARTICIPER (id_A, id_Ep) VALUES (199, 8);
INSERT INTO PARTICIPER (id_A, id_Ep) VALUES (200, 14);
INSERT INTO PARTICIPER (id_A, id_Ep) VALUES (201, 15);
INSERT INTO PARTICIPER (id_A, id_Ep) VALUES (202, 15);
INSERT INTO PARTICIPER (id_A, id_Ep) VALUES (203, 15);
INSERT INTO PARTICIPER (id_A, id_Ep) VALUES (204, 10);
INSERT INTO PARTICIPER (id_A, id_Ep) VALUES (205, 5);
INSERT INTO PARTICIPER (id_A, id_Ep) VALUES (206, 5);
INSERT INTO PARTICIPER (id_A, id_Ep) VALUES (207, 14);
INSERT INTO PARTICIPER (id_A, id_Ep) VALUES (208, 14);
INSERT INTO PARTICIPER (id_A, id_Ep) VALUES (209, 5);
INSERT INTO PARTICIPER (id_A, id_Ep) VALUES (210, 8);
INSERT INTO PARTICIPER (id_A, id_Ep) VALUES (211, 8);
INSERT INTO PARTICIPER (id_A, id_Ep) VALUES (212, 14);
INSERT INTO PARTICIPER (id_A, id_Ep) VALUES (213, 6);
INSERT INTO PARTICIPER (id_A, id_Ep) VALUES (214, 5);
INSERT INTO PARTICIPER (id_A, id_Ep) VALUES (215, 5);
INSERT INTO PARTICIPER (id_A, id_Ep) VALUES (216, 7);
INSERT INTO PARTICIPER (id_A, id_Ep) VALUES (217, 7);
INSERT INTO PARTICIPER (id_A, id_Ep) VALUES (218, 14);
INSERT INTO PARTICIPER (id_A, id_Ep) VALUES (219, 5);
INSERT INTO PARTICIPER (id_A, id_Ep) VALUES (220, 8);
INSERT INTO PARTICIPER (id_A, id_Ep) VALUES (221, 8);
INSERT INTO PARTICIPER (id_A, id_Ep) VALUES (222, 15);
INSERT INTO PARTICIPER (id_A, id_Ep) VALUES (223, 15);
INSERT INTO PARTICIPER (id_A, id_Ep) VALUES (224, 12);
INSERT INTO PARTICIPER (id_A, id_Ep) VALUES (225, 12);
INSERT INTO PARTICIPER (id_A, id_Ep) VALUES (226, 12);
INSERT INTO PARTICIPER (id_A, id_Ep) VALUES (227, 16);
INSERT INTO PARTICIPER (id_A, id_Ep) VALUES (228, 16);
INSERT INTO PARTICIPER (id_A, id_Ep) VALUES (229, 14);
INSERT INTO PARTICIPER (id_A, id_Ep) VALUES (230, 6);
INSERT INTO PARTICIPER (id_A, id_Ep) VALUES (231, 6);
INSERT INTO PARTICIPER (id_A, id_Ep) VALUES (232, 6);
INSERT INTO PARTICIPER (id_A, id_Ep) VALUES (233, 11);
INSERT INTO PARTICIPER (id_A, id_Ep) VALUES (234, 6);
INSERT INTO PARTICIPER (id_A, id_Ep) VALUES (235, 6);
INSERT INTO PARTICIPER (id_A, id_Ep) VALUES (236, 6);
INSERT INTO PARTICIPER (id_A, id_Ep) VALUES (237, 13);
INSERT INTO PARTICIPER (id_A, id_Ep) VALUES (238, 8);
INSERT INTO PARTICIPER (id_A, id_Ep) VALUES (239, 9);
INSERT INTO PARTICIPER (id_A, id_Ep) VALUES (240, 8);
INSERT INTO PARTICIPER (id_A, id_Ep) VALUES (241, 8);
INSERT INTO PARTICIPER (id_A, id_Ep) VALUES (242, 16);
INSERT INTO PARTICIPER (id_A, id_Ep) VALUES (243, 8);
INSERT INTO PARTICIPER (id_A, id_Ep) VALUES (244, 8);
INSERT INTO PARTICIPER (id_A, id_Ep) VALUES (245, 9);
INSERT INTO PARTICIPER (id_A, id_Ep) VALUES (246, 6);
INSERT INTO PARTICIPER (id_A, id_Ep) VALUES (247, 16);
INSERT INTO PARTICIPER (id_A, id_Ep) VALUES (248, 6);
INSERT INTO PARTICIPER (id_A, id_Ep) VALUES (249, 7);
INSERT INTO PARTICIPER (id_A, id_Ep) VALUES (250, 7);
INSERT INTO PARTICIPER (id_A, id_Ep) VALUES (251, 15);
INSERT INTO PARTICIPER (id_A, id_Ep) VALUES (252, 6);
INSERT INTO PARTICIPER (id_A, id_Ep) VALUES (253, 13);
INSERT INTO PARTICIPER (id_A, id_Ep) VALUES (254, 11);
INSERT INTO PARTICIPER (id_A, id_Ep) VALUES (255, 11);
INSERT INTO PARTICIPER (id_A, id_Ep) VALUES (256, 11);
INSERT INTO PARTICIPER (id_A, id_Ep) VALUES (257, 12);
INSERT INTO PARTICIPER (id_A, id_Ep) VALUES (258, 12);
INSERT INTO PARTICIPER (id_A, id_Ep) VALUES (259, 16);
INSERT INTO PARTICIPER (id_A, id_Ep) VALUES (260, 8);
INSERT INTO PARTICIPER (id_A, id_Ep) VALUES (261, 13);
INSERT INTO PARTICIPER (id_A, id_Ep) VALUES (262, 11);
INSERT INTO PARTICIPER (id_A, id_Ep) VALUES (263, 15);
INSERT INTO PARTICIPER (id_A, id_Ep) VALUES (264, 14);
INSERT INTO PARTICIPER (id_A, id_Ep) VALUES (265, 6);
INSERT INTO PARTICIPER (id_A, id_Ep) VALUES (266, 12);
INSERT INTO PARTICIPER (id_A, id_Ep) VALUES (267, 7);
INSERT INTO PARTICIPER (id_A, id_Ep) VALUES (268, 7);
INSERT INTO PARTICIPER (id_A, id_Ep) VALUES (269, 16);
INSERT INTO PARTICIPER (id_A, id_Ep) VALUES (270, 6);
INSERT INTO PARTICIPER (id_A, id_Ep) VALUES (271, 11);
INSERT INTO PARTICIPER (id_A, id_Ep) VALUES (272, 14);
INSERT INTO PARTICIPER (id_A, id_Ep) VALUES (273, 8);
INSERT INTO PARTICIPER (id_A, id_Ep) VALUES (274, 6);
INSERT INTO PARTICIPER (id_A, id_Ep) VALUES (275, 5);
INSERT INTO PARTICIPER (id_A, id_Ep) VALUES (276, 14);
INSERT INTO PARTICIPER (id_A, id_Ep) VALUES (277, 14);
INSERT INTO PARTICIPER (id_A, id_Ep) VALUES (278, 5);
INSERT INTO PARTICIPER (id_A, id_Ep) VALUES (279, 5);
INSERT INTO PARTICIPER (id_A, id_Ep) VALUES (280, 5);
INSERT INTO PARTICIPER (id_A, id_Ep) VALUES (281, 7);
INSERT INTO PARTICIPER (id_A, id_Ep) VALUES (282, 7);
INSERT INTO PARTICIPER (id_A, id_Ep) VALUES (283, 7);
INSERT INTO PARTICIPER (id_A, id_Ep) VALUES (284, 7);
INSERT INTO PARTICIPER (id_A, id_Ep) VALUES (285, 7);
INSERT INTO PARTICIPER (id_A, id_Ep) VALUES (286, 5);
INSERT INTO PARTICIPER (id_A, id_Ep) VALUES (287, 8);
INSERT INTO PARTICIPER (id_A, id_Ep) VALUES (288, 8);
INSERT INTO PARTICIPER (id_A, id_Ep) VALUES (289, 5);
INSERT INTO PARTICIPER (id_A, id_Ep) VALUES (290, 5);
INSERT INTO PARTICIPER (id_A, id_Ep) VALUES (291, 6);
INSERT INTO PARTICIPER (id_A, id_Ep) VALUES (292, 6);
INSERT INTO PARTICIPER (id_A, id_Ep) VALUES (293, 6);
INSERT INTO PARTICIPER (id_A, id_Ep) VALUES (294, 6);
INSERT INTO PARTICIPER (id_A, id_Ep) VALUES (295, 5);
INSERT INTO PARTICIPER (id_A, id_Ep) VALUES (296, 5);
INSERT INTO PARTICIPER (id_A, id_Ep) VALUES (297, 5);
INSERT INTO PARTICIPER (id_A, id_Ep) VALUES (298, 5);
INSERT INTO PARTICIPER (id_A, id_Ep) VALUES (299, 10);
INSERT INTO PARTICIPER (id_A, id_Ep) VALUES (300, 5);
INSERT INTO PARTICIPER (id_A, id_Ep) VALUES (301, 15);
INSERT INTO PARTICIPER (id_A, id_Ep) VALUES (302, 15);
INSERT INTO PARTICIPER (id_A, id_Ep) VALUES (303, 6);
INSERT INTO PARTICIPER (id_A, id_Ep) VALUES (304, 6);
INSERT INTO PARTICIPER (id_A, id_Ep) VALUES (305, 16);
INSERT INTO PARTICIPER (id_A, id_Ep) VALUES (306, 15);
INSERT INTO PARTICIPER (id_A, id_Ep) VALUES (307, 11);
INSERT INTO PARTICIPER (id_A, id_Ep) VALUES (308, 13);
INSERT INTO PARTICIPER (id_A, id_Ep) VALUES (309, 13);
INSERT INTO PARTICIPER (id_A, id_Ep) VALUES (310, 5);
INSERT INTO PARTICIPER (id_A, id_Ep) VALUES (311, 8);
INSERT INTO PARTICIPER (id_A, id_Ep) VALUES (312, 8);
INSERT INTO PARTICIPER (id_A, id_Ep) VALUES (313, 14);
INSERT INTO PARTICIPER (id_A, id_Ep) VALUES (314, 15);
INSERT INTO PARTICIPER (id_A, id_Ep) VALUES (315, 7);
INSERT INTO PARTICIPER (id_A, id_Ep) VALUES (316, 11);
INSERT INTO PARTICIPER (id_A, id_Ep) VALUES (317, 11);
INSERT INTO PARTICIPER (id_A, id_Ep) VALUES (318, 12);
INSERT INTO PARTICIPER (id_A, id_Ep) VALUES (319, 12);
INSERT INTO PARTICIPER (id_A, id_Ep) VALUES (320, 14);
INSERT INTO PARTICIPER (id_A, id_Ep) VALUES (321, 14);
INSERT INTO PARTICIPER (id_A, id_Ep) VALUES (322, 10);
INSERT INTO PARTICIPER (id_A, id_Ep) VALUES (323, 9);
INSERT INTO PARTICIPER (id_A, id_Ep) VALUES (324, 7);
INSERT INTO PARTICIPER (id_A, id_Ep) VALUES (325, 7);
INSERT INTO PARTICIPER (id_A, id_Ep) VALUES (326, 13);
INSERT INTO PARTICIPER (id_A, id_Ep) VALUES (327, 8);
INSERT INTO PARTICIPER (id_A, id_Ep) VALUES (328, 11);
INSERT INTO PARTICIPER (id_A, id_Ep) VALUES (329, 11);
INSERT INTO PARTICIPER (id_A, id_Ep) VALUES (330, 10);
INSERT INTO PARTICIPER (id_A, id_Ep) VALUES (331, 7);
INSERT INTO PARTICIPER (id_A, id_Ep) VALUES (332, 5);
INSERT INTO PARTICIPER (id_A, id_Ep) VALUES (333, 5);
INSERT INTO PARTICIPER (id_A, id_Ep) VALUES (334, 5);
INSERT INTO PARTICIPER (id_A, id_Ep) VALUES (335, 8);
INSERT INTO PARTICIPER (id_A, id_Ep) VALUES (336, 14);
INSERT INTO PARTICIPER (id_A, id_Ep) VALUES (337, 7);
INSERT INTO PARTICIPER (id_A, id_Ep) VALUES (338, 15);
INSERT INTO PARTICIPER (id_A, id_Ep) VALUES (339, 12);
INSERT INTO PARTICIPER (id_A, id_Ep) VALUES (340, 12);
INSERT INTO PARTICIPER (id_A, id_Ep) VALUES (341, 12);
INSERT INTO PARTICIPER (id_A, id_Ep) VALUES (342, 15);
INSERT INTO PARTICIPER (id_A, id_Ep) VALUES (343, 15);
INSERT INTO PARTICIPER (id_A, id_Ep) VALUES (344, 12);
INSERT INTO PARTICIPER (id_A, id_Ep) VALUES (345, 10);
INSERT INTO PARTICIPER (id_A, id_Ep) VALUES (346, 10);
INSERT INTO PARTICIPER (id_A, id_Ep) VALUES (347, 10);
INSERT INTO PARTICIPER (id_A, id_Ep) VALUES (348, 9);
INSERT INTO PARTICIPER (id_A, id_Ep) VALUES (349, 13);
INSERT INTO PARTICIPER (id_A, id_Ep) VALUES (350, 13);
INSERT INTO PARTICIPER (id_A, id_Ep) VALUES (351, 13);
INSERT INTO PARTICIPER (id_A, id_Ep) VALUES (352, 5);
INSERT INTO PARTICIPER (id_A, id_Ep) VALUES (353, 7);
INSERT INTO PARTICIPER (id_A, id_Ep) VALUES (354, 9);
INSERT INTO PARTICIPER (id_A, id_Ep) VALUES (355, 9);
INSERT INTO PARTICIPER (id_A, id_Ep) VALUES (356, 13);
INSERT INTO PARTICIPER (id_A, id_Ep) VALUES (357, 9);
INSERT INTO PARTICIPER (id_A, id_Ep) VALUES (358, 10);
INSERT INTO PARTICIPER (id_A, id_Ep) VALUES (359, 12);
INSERT INTO PARTICIPER (id_A, id_Ep) VALUES (360, 8);
INSERT INTO PARTICIPER (id_A, id_Ep) VALUES (361, 10);
INSERT INTO PARTICIPER (id_A, id_Ep) VALUES (362, 15);
INSERT INTO PARTICIPER (id_A, id_Ep) VALUES (363, 15);
INSERT INTO PARTICIPER (id_A, id_Ep) VALUES (364, 9);
INSERT INTO PARTICIPER (id_A, id_Ep) VALUES (365, 10);
INSERT INTO PARTICIPER (id_A, id_Ep) VALUES (366, 11);
INSERT INTO PARTICIPER (id_A, id_Ep) VALUES (367, 11);
INSERT INTO PARTICIPER (id_A, id_Ep) VALUES (368, 13);
INSERT INTO PARTICIPER (id_A, id_Ep) VALUES (369, 10);
INSERT INTO PARTICIPER (id_A, id_Ep) VALUES (370, 13);
INSERT INTO PARTICIPER (id_A, id_Ep) VALUES (371, 10);
INSERT INTO PARTICIPER (id_A, id_Ep) VALUES (372, 10);
INSERT INTO PARTICIPER (id_A, id_Ep) VALUES (373, 10);
INSERT INTO PARTICIPER (id_A, id_Ep) VALUES (374, 10);
INSERT INTO PARTICIPER (id_A, id_Ep) VALUES (375, 12);
INSERT INTO PARTICIPER (id_A, id_Ep) VALUES (376, 12);
INSERT INTO PARTICIPER (id_A, id_Ep) VALUES (377, 8);
INSERT INTO PARTICIPER (id_A, id_Ep) VALUES (378, 12);
INSERT INTO PARTICIPER (id_A, id_Ep) VALUES (379, 5);
INSERT INTO PARTICIPER (id_A, id_Ep) VALUES (380, 15);
INSERT INTO PARTICIPER (id_A, id_Ep) VALUES (381, 16);
INSERT INTO PARTICIPER (id_A, id_Ep) VALUES (382, 6);
INSERT INTO PARTICIPER (id_A, id_Ep) VALUES (383, 12);
INSERT INTO PARTICIPER (id_A, id_Ep) VALUES (384, 12);
INSERT INTO PARTICIPER (id_A, id_Ep) VALUES (385, 8);
INSERT INTO PARTICIPER (id_A, id_Ep) VALUES (386, 12);
INSERT INTO PARTICIPER (id_A, id_Ep) VALUES (387, 7);
INSERT INTO PARTICIPER (id_A, id_Ep) VALUES (388, 11);
INSERT INTO PARTICIPER (id_A, id_Ep) VALUES (389, 16);
INSERT INTO PARTICIPER (id_A, id_Ep) VALUES (390, 11);
INSERT INTO PARTICIPER (id_A, id_Ep) VALUES (391, 10);
INSERT INTO PARTICIPER (id_A, id_Ep) VALUES (392, 5);
INSERT INTO PARTICIPER (id_A, id_Ep) VALUES (393, 11);
INSERT INTO PARTICIPER (id_A, id_Ep) VALUES (394, 6);
INSERT INTO PARTICIPER (id_A, id_Ep) VALUES (395, 8);
INSERT INTO PARTICIPER (id_A, id_Ep) VALUES (396, 8);
INSERT INTO PARTICIPER (id_A, id_Ep) VALUES (397, 7);
INSERT INTO PARTICIPER (id_A, id_Ep) VALUES (398, 8);
INSERT INTO PARTICIPER (id_A, id_Ep) VALUES (399, 8);
INSERT INTO PARTICIPER (id_A, id_Ep) VALUES (400, 8);
