-- Generated by Mocodo 4.2.4
drop table IF EXISTS  PARTICIPER;
drop table IF EXISTS EPREUVE;
drop table IF EXISTS ATHLETE;
drop table IF EXISTS  EQUIPE;
drop table IF EXISTS  SPORT;
drop table IF EXISTS PAYS; 



CREATE TABLE PAYS (
  PRIMARY KEY (id_P),
  id_P      INT NOT NULL,
  nom_P     VARCHAR(20),
  nb_Or    INT,
  nb_Argent INT,
  nb_Bronze INT
);

CREATE TABLE SPORT (
  id_S   INT NOT NULL,
  nom    VARCHAR(20),
  milieu VARCHAR(20),
  PRIMARY KEY (id_S)
);

CREATE TABLE EPREUVE (
  id_Ep    INT NOT NULL,
  nom       VARCHAR(50),
  categorie VARCHAR(1),
  id_S      INT NOT NULL,
  PRIMARY KEY(id_Ep,id_S)

);

CREATE TABLE EQUIPE (
  id_E  INT NOT NULL PRIMARY KEY,
  nom_E VARCHAR(50)
);

CREATE TABLE ATHLETE (
  id_A     INT NOT NULL PRIMARY KEY,
  nom_A     VARCHAR(20),
  prenom_A  VARCHAR(20),
  sexe_A    VARCHAR(1),
  id_P      INT NOT NULL,
  force_A    INT,
  endurance INT,
  agilite  INT,
  id_E INT
  
);

CREATE TABLE PARTICIPER (
  PRIMARY KEY (id_A, id_Ep),
  id_A INT NOT NULL,
  id_Ep INT NOT NULL
);




ALTER TABLE ATHLETE ADD FOREIGN KEY (id_P) REFERENCES PAYS (id_P);
ALTER TABLE ATHLETE ADD FOREIGN KEY (id_E) REFERENCES EQUIPE (id_E);

ALTER TABLE EPREUVE ADD FOREIGN KEY (id_S) REFERENCES SPORT (id_S);

ALTER TABLE PARTICIPER ADD FOREIGN KEY (id_Ep) REFERENCES EPREUVE (id_Ep);
ALTER TABLE PARTICIPER ADD FOREIGN KEY (id_A) REFERENCES ATHLETE (id_A);



insert into SPORT(id_S,nom,milieu) values (1,"Natation","eau");
insert into SPORT(id_S,nom,milieu) values (2,"Athlétisme","piste");
insert into SPORT(id_S,nom,milieu) values (3,"Escrime","salle");
insert into SPORT(id_S,nom,milieu) values( 4,"Volley-Ball","salle");
insert into SPORT(id_S,nom,milieu) values( 5,"Handball","salle");

insert into PAYS(id_P,nom_P,nb_Or,nb_Argent,nb_Bronze) values(1,"France",null,null,null);
insert into PAYS(id_P,nom_P,nb_Or,nb_Argent,nb_Bronze) values(2,"Chine",null,null,null);
insert into PAYS(id_P,nom_P,nb_Or,nb_Argent,nb_Bronze) values(3,"Japon",null,null,null);
insert into PAYS(id_P,nom_P,nb_Or,nb_Argent,nb_Bronze) values(4,"USA",null,null,null);
insert into PAYS(id_P,nom_P,nb_Or,nb_Argent,nb_Bronze) values(5,"Kenya",null,null,null);
insert into PAYS(id_P,nom_P,nb_Or,nb_Argent,nb_Bronze) values(6,"Maroc",null,null,null);
insert into PAYS(id_P,nom_P,nb_Or,nb_Argent,nb_Bronze) values(7,"Allemagne",null,null,null);
insert into PAYS(id_P,nom_P,nb_Or,nb_Argent,nb_Bronze) values(8,"Australie",null,null,null);
insert into PAYS(id_P,nom_P,nb_Or,nb_Argent,nb_Bronze) values(9,"Brésil",null,null,null);
insert into PAYS(id_P,nom_P,nb_Or,nb_Argent,nb_Bronze) values(10,"Turquie",null,null,null);

insert into EQUIPE(id_E, nom_E) values(1, "France Natation 4x100m nage libre relais femmes");
insert into EQUIPE(id_E, nom_E) values(2, "France Natation 4x100m nage libre relais hommes");
insert into EQUIPE(id_E, nom_E) values(3, "France Handball hommes");
insert into EQUIPE(id_E, nom_E) values(4, "France Handball femmes");
insert into EQUIPE(id_E, nom_E) values(5, "France Volley-ball femmes");
insert into EQUIPE(id_E, nom_E) values(6, "France Volley-ball hommes");
insert into EQUIPE(id_E, nom_E) values(7, "France Athlétisme 4x100m relais hommes");
insert into EQUIPE(id_E, nom_E) values(8, "France Athlétisme 4x100m relais femmes");

insert into EQUIPE(id_E, nom_E) values(9, "Chine Natation 4x100m nage libre relais femmes");
insert into EQUIPE(id_E, nom_E) values(10, "Chine Natation 4x100m nage libre relais hommes");
insert into EQUIPE(id_E, nom_E) values(11, "Chine Handball hommes");
insert into EQUIPE(id_E, nom_E) values(12, "Chine Handball femmes");
insert into EQUIPE(id_E, nom_E) values(13, "Chine Volley-ball femmes");
insert into EQUIPE(id_E, nom_E) values(14, "Chine Volley-ball hommes");
insert into EQUIPE(id_E, nom_E) values(15, "Chine Athlétisme 4x100m relais hommes");
insert into EQUIPE(id_E, nom_E) values(16, "Chine Athlétisme 4x100m relais femmes");

insert into EQUIPE(id_E, nom_E) values(17, "Japon Natation 4x100m nage libre relais femmes");
insert into EQUIPE(id_E, nom_E) values(18, "Japon Natation 4x100m nage libre relais hommes");
insert into EQUIPE(id_E, nom_E) values(19, "Japon Handball hommes");
insert into EQUIPE(id_E, nom_E) values(20, "Japon Handball femmes");
insert into EQUIPE(id_E, nom_E) values(21, "Japon Volley-ball femmes");
insert into EQUIPE(id_E, nom_E) values(22, "Japon Volley-ball hommes");
insert into EQUIPE(id_E, nom_E) values(23, "Japon Athlétisme 4x100m relais hommes");
insert into EQUIPE(id_E, nom_E) values(24, "Japon Athlétisme 4x100m relais femmes");

insert into EQUIPE(id_E, nom_E) values(25, "USA Natation 4x100m nage libre relais femmes");
insert into EQUIPE(id_E, nom_E) values(26, "USA Natation 4x100m nage libre relais hommes");
insert into EQUIPE(id_E, nom_E) values(27, "USA Handball hommes");
insert into EQUIPE(id_E, nom_E) values(28, "USA Handball femmes");
insert into EQUIPE(id_E, nom_E) values(29, "USA Volley-ball femmes");
insert into EQUIPE(id_E, nom_E) values(30, "USA Volley-ball hommes");
insert into EQUIPE(id_E, nom_E) values(31, "USA Athlétisme 4x100m relais hommes");
insert into EQUIPE(id_E, nom_E) values(32, "USA Athlétisme 4x100m relais femmes");

insert into EQUIPE(id_E, nom_E) values(33, "Kenya Natation 4x100m nage libre relais femmes");
insert into EQUIPE(id_E, nom_E) values(34, "Kenya Natation 4x100m nage libre relais hommes");
insert into EQUIPE(id_E, nom_E) values(35, "Kenya Handball hommes");
insert into EQUIPE(id_E, nom_E) values(36, "Kenya Handball femmes");
insert into EQUIPE(id_E, nom_E) values(37, "Kenya Volley-ball femmes");
insert into EQUIPE(id_E, nom_E) values(38, "Kenya Volley-ball hommes");
insert into EQUIPE(id_E, nom_E) values(39, "Kenya Athlétisme 4x100m relais hommes");
insert into EQUIPE(id_E, nom_E) values(40, "Kenya Athlétisme 4x100m relais femmes");

insert into EQUIPE(id_E, nom_E) values(41, "Maroc Natation 4x100m nage libre relais femmes");
insert into EQUIPE(id_E, nom_E) values(42, "Maroc Natation 4x100m nage libre relais hommes");
insert into EQUIPE(id_E, nom_E) values(43, "Maroc Handball hommes");
insert into EQUIPE(id_E, nom_E) values(44, "Maroc Handball femmes");
insert into EQUIPE(id_E, nom_E) values(45, "Maroc Volley-ball femmes");
insert into EQUIPE(id_E, nom_E) values(46, "Maroc Volley-ball hommes");
insert into EQUIPE(id_E, nom_E) values(47, "Maroc Athlétisme 4x100m relais hommes");
insert into EQUIPE(id_E, nom_E) values(48, "Maroc Athlétisme 4x100m relais femmes");

insert into EQUIPE(id_E, nom_E) values(49, "Allemagne Natation 4x100m nage libre relais femmes");
insert into EQUIPE(id_E, nom_E) values(50, "Allemagne Natation 4x100m nage libre relais hommes");
insert into EQUIPE(id_E, nom_E) values(51, "Allemagne Handball hommes");
insert into EQUIPE(id_E, nom_E) values(52, "Allemagne Handball femmes");
insert into EQUIPE(id_E, nom_E) values(53, "Allemagne Volley-ball femmes");
insert into EQUIPE(id_E, nom_E) values(54, "Allemagne Volley-ball hommes");
insert into EQUIPE(id_E, nom_E) values(55, "Allemagne Athlétisme 4x100m relais hommes");
insert into EQUIPE(id_E, nom_E) values(56, "Allemagne Athlétisme 4x100m relais femmes");

insert into EQUIPE(id_E, nom_E) values(58, "Australie Natation 4x100m nage libre relais femmes");
insert into EQUIPE(id_E, nom_E) values(59, "Australie Natation 4x100m nage libre relais hommes");
insert into EQUIPE(id_E, nom_E) values(60, "Australie Handball hommes");
insert into EQUIPE(id_E, nom_E) values(61, "Australie Handball femmes");
insert into EQUIPE(id_E, nom_E) values(62, "Australie Volley-ball femmes");
insert into EQUIPE(id_E, nom_E) values(63, "Australie Volley-ball hommes");
insert into EQUIPE(id_E, nom_E) values(64, "Australie Athlétisme 4x100m relais hommes");
insert into EQUIPE(id_E, nom_E) values(65, "Australie Athlétisme 4x100m relais femmes");

insert into EQUIPE(id_E, nom_E) values(66, "Brésil Natation 4x100m nage libre relais femmes");
insert into EQUIPE(id_E, nom_E) values(67, "Brésil Natation 4x100m nage libre relais hommes");
insert into EQUIPE(id_E, nom_E) values(68, "Brésil Handball hommes");
insert into EQUIPE(id_E, nom_E) values(69, "Brésil Handball femmes");
insert into EQUIPE(id_E, nom_E) values(70, "Brésil Volley-ball femmes");
insert into EQUIPE(id_E, nom_E) values(71, "Brésil Volley-ball hommes");
insert into EQUIPE(id_E, nom_E) values(72, "Brésil Athlétisme 4x100m relais hommes");
insert into EQUIPE(id_E, nom_E) values(73, "Brésil Athlétisme 4x100m relais femmes");

insert into EQUIPE(id_E, nom_E) values(74, "Turquie Natation 4x100m nage libre relais femmes");
insert into EQUIPE(id_E, nom_E) values(75, "Turquie Natation 4x100m nage libre relais hommes");
insert into EQUIPE(id_E, nom_E) values(76, "Turquie Handball hommes");
insert into EQUIPE(id_E, nom_E) values(77, "Turquie Handball femmes");
insert into EQUIPE(id_E, nom_E) values(78, "Turquie Volley-ball femmes");
insert into EQUIPE(id_E, nom_E) values(79, "Turquie Volley-ball hommes");
insert into EQUIPE(id_E, nom_E) values(80, "Turquie Athlétisme 4x100m relais hommes");
insert into EQUIPE(id_E, nom_E) values(81, "Turquie Athlétisme 4x100m relais femmes");


insert into EPREUVE(id_Ep,nom,categorie,id_S) values(1,"Natation 100m brasse","H",1);
insert into EPREUVE(id_Ep,nom,categorie,id_S) values(2,"Natation 100m brasse","F",1);
insert into EPREUVE(id_Ep,nom,categorie,id_S) values(3,"Natation 4x100m nage libre relais","H",1);
insert into EPREUVE(id_Ep,nom,categorie,id_S) values(4,"Natation 4x100m nage libre relais","F",1);

insert into EPREUVE(id_Ep,nom,categorie,id_S) values(5,"Handball","H",5);
insert into EPREUVE(id_Ep,nom,categorie,id_S) values(6,"Handball","F",5);

insert into EPREUVE(id_Ep,nom,categorie,id_S) values(7,"Volley-ball","H",4);
insert into EPREUVE(id_Ep,nom,categorie,id_S) values(8,"Volley-ball","F",4);

insert into EPREUVE(id_Ep,nom,categorie,id_S) values(9,"Escrime fleuret","H",3);
insert into EPREUVE(id_Ep,nom,categorie,id_S) values(10,"Escrime fleuret","F",3);
insert into EPREUVE(id_Ep,nom,categorie,id_S) values(11,"Escrime épée","H",3);
insert into EPREUVE(id_Ep,nom,categorie,id_S) values(12,"Escrime épée","F",3);

insert into EPREUVE(id_Ep,nom,categorie,id_S) values(13,"Athlétisme 110m","H",2);
insert into EPREUVE(id_Ep,nom,categorie,id_S) values(14,"Athlétisme 110m","F",2);
insert into EPREUVE(id_Ep,nom,categorie,id_S) values(15,"Athlétisme 4x100m relais","H",2);
insert into EPREUVE(id_Ep,nom,categorie,id_S) values(16,"Athlétisme 4x100m relais","F",2);





