-- Generated by Mocodo 4.2.4
drop table PARTICIPER;
drop table PARTICIPEREQUIPE;
drop table EPREUVE;
drop table ATHLETE;
drop table EQUIPE;
drop table SPORT;
drop table PAYS; 



CREATE TABLE PAYS (
  PRIMARY KEY (id_P),
  id_P      INT NOT NULL,
  nom_P     VARCHAR(20),
  nb_Or    INT,
  nb_Argent INT,
  nb_Bronze INT
);

CREATE TABLE SPORT (
  PRIMARY KEY (id_S),
  id_S   INT NOT NULL,
  nom    VARCHAR(20),
  milieu VARCHAR(20)
);

CREATE TABLE EPREUVE (
  
  id_Ep    INT NOT NULL PRIMARY KEY,
  nom       VARCHAR(20),
  categorie VARCHAR(20),
  id_S      INT NOT NULL
);

CREATE TABLE EQUIPE (
  id_E  INT NOT NULL PRIMARY KEY,
  nom_E VARCHAR(20)
);

CREATE TABLE ATHLETE (
  id_A     INT NOT NULL PRIMARY KEY,
  nom_A     VARCHAR(20),
  prenom_A  VARCHAR(20),
  sexe_A    VARCHAR(1),
  force_A    INT,
  agilite  INT,
  endurance INT,
  id_P      INT NOT NULL,
  id_E INT
);

CREATE TABLE PARTICIPER (
  PRIMARY KEY (id_A, id_Ep),
  id_A INT NOT NULL,
  id_Ep            INT NOT NULL
);

CREATE TABLE PARTICIPEREQUIPE (
  PRIMARY KEY (id_E, id_Ep),
  id_E INT NOT NULL,
  id_Ep INT NOT NULL
);





ALTER TABLE ATHLETE ADD FOREIGN KEY (id_P) REFERENCES PAYS (id_P);
ALTER TABLE ATHLETE ADD FOREIGN KEY (id_E) REFERENCES EQUIPE (id_E);

ALTER TABLE EPREUVE ADD FOREIGN KEY (id_S) REFERENCES SPORT (id_S);

ALTER TABLE PARTICIPER ADD FOREIGN KEY (id_Ep) REFERENCES EPREUVE (id_Ep);
ALTER TABLE PARTICIPER ADD FOREIGN KEY (id_A) REFERENCES ATHLETE (id_A);
ALTER TABLE PARTICIPEREQUIPE ADD FOREIGN KEY (id_Ep) REFERENCES EPREUVE (id_Ep);
ALTER TABLE PARTICIPEREQUIPE ADD FOREIGN KEY (id_E) REFERENCES EQUIPE (id_E);



insert into SPORT(id_S,nom,milieu) values (1,"Natation","eau");
insert into SPORT(id_S,nom,milieu) values (2,"Athlétisme","piste");
insert into SPORT(id_S,nom,milieu) values (3,"Escrime","salle");
insert into SPORT(id_S,nom,milieu) values( 4,"Volley-Ball","salle");
insert into SPORT(id_S,nom,milieu) values( 5,"Handball","salle");

insert into PAYS(id_P,nom_P,nb_Or,nb_Argent,nb_Bronze) values(1,"France",null,null,null);
insert into PAYS(id_P,nom_P,nb_Or,nb_Argent,nb_Bronze) values(2,"Chine",null,null,null);
insert into PAYS(id_P,nom_P,nb_Or,nb_Argent,nb_Bronze) values(3,"Japon",null,null,null);
insert into PAYS(id_P,nom_P,nb_Or,nb_Argent,nb_Bronze) values(4,"Etats-Unis",null,null,null);
insert into PAYS(id_P,nom_P,nb_Or,nb_Argent,nb_Bronze) values(5,"RDC",null,null,null);
insert into PAYS(id_P,nom_P,nb_Or,nb_Argent,nb_Bronze) values(6,"Grande-Bretagne",null,null,null);

insert into ATHLETE(id_A,nom_A,prenom_A,sexe_A,force_A,agilite,endurance,id_P) values (1,"Jean","Jean","M",59,76,62,1);
insert into ATHLETE(id_A,nom_A,prenom_A,sexe_A,force_A,agilite,endurance,id_P) values (2,"Pate","Patrick","M",38,45,78,1);
insert into ATHLETE(id_A,nom_A,prenom_A,sexe_A,force_A,agilite,endurance,id_P) values (3,"Pate","Nathan","M",59,60,89,1);
insert into ATHLETE(id_A,nom_A,prenom_A,sexe_A,force_A,agilite,endurance,id_P) values (4,"Boutrin","Amroise","M",87,80,91,1);
insert into ATHLETE(id_A,nom_A,prenom_A,sexe_A,force_A,agilite,endurance,id_P) values (5,"De Oliveira","Lucas","M",85,76,84,1);
insert into ATHLETE(id_A,nom_A,prenom_A,sexe_A,force_A,agilite,endurance,id_P) values (6,"Lobjois","Mathéo","M",87,76,79,1);
insert into ATHLETE(id_A,nom_A,prenom_A,sexe_A,force_A,agilite,endurance,id_P) values (7,"Bois","Matthias","M",56,12,54,1);
insert into ATHLETE(id_A,nom_A,prenom_A,sexe_A,force_A,agilite,endurance,id_P) values (8,"Pellot","Jean","M",54,12,36,1);
insert into ATHLETE(id_A,nom_A,prenom_A,sexe_A,force_A,agilite,endurance,id_P) values (9,"Jean","Romain","M",75,76,62,1);
insert into ATHLETE(id_A,nom_A,prenom_A,sexe_A,force_A,agilite,endurance,id_P) values (10,"Pont","Julien","M",80,76,62,1);
insert into ATHLETE(id_A,nom_A,prenom_A,sexe_A,force_A,agilite,endurance,id_P) values (11,"Bocquet","Clémence","F",60,76,84,1);
insert into ATHLETE(id_A,nom_A,prenom_A,sexe_A,force_A,agilite,endurance,id_P) values (12,"Sanchez","Ophélie","F",59,76,78,1);
insert into ATHLETE(id_A,nom_A,prenom_A,sexe_A,force_A,agilite,endurance,id_P) values (13,"Pied","Françoise","F",45,89,58,1);
insert into ATHLETE(id_A,nom_A,prenom_A,sexe_A,force_A,agilite,endurance,id_P) values (14,"Paul","Pierette","F",78,78,78,1);
insert into ATHLETE(id_A,nom_A,prenom_A,sexe_A,force_A,agilite,endurance,id_P) values (15,"Lecomte","Lucy","F",68,48,87,1);
insert into ATHLETE(id_A,nom_A,prenom_A,sexe_A,force_A,agilite,endurance,id_P) values (16,"Pleut","Manon","F",59,89,87,1);
insert into ATHLETE(id_A,nom_A,prenom_A,sexe_A,force_A,agilite,endurance,id_P) values (17,"Val","Channy","F",78,54,12,1);
insert into ATHLETE(id_A,nom_A,prenom_A,sexe_A,force_A,agilite,endurance,id_P) values (18,"Lobjois","Alexianne","F",60,60,60,1);
insert into ATHLETE(id_A,nom_A,prenom_A,sexe_A,force_A,agilite,endurance,id_P) values (19,"Pierre","Monique","F",59,76,62,1);
insert into ATHLETE(id_A,nom_A,prenom_A,sexe_A,force_A,agilite,endurance,id_P) values (20,"Table","Cascandre","F",59,76,62,1);

insert into ATHLETE(id_A,nom_A,prenom_A,sexe_A,force_A,agilite,endurance,id_P) values (21,"Zhang","Wei","M",63,45,72,2);
insert into ATHLETE(id_A,nom_A,prenom_A,sexe_A,force_A,agilite,endurance,id_P) values (22,"Li","Chen","M",42,58,88,2);
insert into ATHLETE(id_A,nom_A,prenom_A,sexe_A,force_A,agilite,endurance,id_P) values (23,"Wang","Chun","M",79,67,95,2);
insert into ATHLETE(id_A,nom_A,prenom_A,sexe_A,force_A,agilite,endurance,id_P) values (24,"Liu","Xiang","M",90,30,63,2);
insert into ATHLETE(id_A,nom_A,prenom_A,sexe_A,force_A,agilite,endurance,id_P) values (25,"Chen","Yan","M",81,85,72,2);
insert into ATHLETE(id_A,nom_A,prenom_A,sexe_A,force_A,agilite,endurance,id_P) values (26,"Xu","Mei","M",72,45,68,2);
insert into ATHLETE(id_A,nom_A,prenom_A,sexe_A,force_A,agilite,endurance,id_P) values (27,"Yang","Feng","M",58,25,47,2);
insert into ATHLETE(id_A,nom_A,prenom_A,sexe_A,force_A,agilite,endurance,id_P) values (28,"Zhou","Jie","M",67,30,59,2);
insert into ATHLETE(id_A,nom_A,prenom_A,sexe_A,force_A,agilite,endurance,id_P) values (29,"He","Ming","M",71,52,80,2);
insert into ATHLETE(id_A,nom_A,prenom_A,sexe_A,force_A,agilite,endurance,id_P) values (30,"Gao","Feng","M",85,74,97,2);
insert into ATHLETE(id_A,nom_A,prenom_A,sexe_A,force_A,agilite,endurance,id_P) values (31,"Wu","Ling","F",58,67,75,2);
insert into ATHLETE(id_A,nom_A,prenom_A,sexe_A,force_A,agilite,endurance,id_P) values (32,"Zhao","Hua","F",47,80,69,2);
insert into ATHLETE(id_A,nom_A,prenom_A,sexe_A,force_A,agilite,endurance,id_P) values (33,"Sun","Jing","F",36,93,52,2);
insert into ATHLETE(id_A,nom_A,prenom_A,sexe_A,force_A,agilite,endurance,id_P) values (34,"Lin","Mei","F",75,79,83,2);
insert into ATHLETE(id_A,nom_A,prenom_A,sexe_A,force_A,agilite,endurance,id_P) values (35,"Hu","Li","F",69,49,91,2);
insert into ATHLETE(id_A,nom_A,prenom_A,sexe_A,force_A,agilite,endurance,id_P) values (36,"Cai","Yan","F",57,88,75,2);
insert into ATHLETE(id_A,nom_A,prenom_A,sexe_A,force_A,agilite,endurance,id_P) values (37,"Xie","Ling","F",80,60,15,2);
insert into ATHLETE(id_A,nom_A,prenom_A,sexe_A,force_A,agilite,endurance,id_P) values (38,"Deng","Xia","F",63,71,53,2);
insert into ATHLETE(id_A,nom_A,prenom_A,sexe_A,force_A,agilite,endurance,id_P) values (39,"Yuan","Hui","F",54,68,62,2);
insert into ATHLETE(id_A,nom_A,prenom_A,sexe_A,force_A,agilite,endurance,id_P) values (40,"Gong","Xin","F",61,83,49,2);

insert into ATHLETE(id_A,nom_A,prenom_A,sexe_A,force_A,agilite,endurance,id_P) values (41,"Suzuki","Takahiro","M",63,45,72,3);
insert into ATHLETE(id_A,nom_A,prenom_A,sexe_A,force_A,agilite,endurance,id_P) values (42,"Tanaka","Hiroshi","M",42,58,88,3);
insert into ATHLETE(id_A,nom_A,prenom_A,sexe_A,force_A,agilite,endurance,id_P) values (43,"Watanabe","Ryu","M",79,67,95,3);
insert into ATHLETE(id_A,nom_A,prenom_A,sexe_A,force_A,agilite,endurance,id_P) values (44,"Ito","Sora","M",90,30,63,3);
insert into ATHLETE(id_A,nom_A,prenom_A,sexe_A,force_A,agilite,endurance,id_P) values (45,"Yamamoto","Haru","M",81,85,72,3);
insert into ATHLETE(id_A,nom_A,prenom_A,sexe_A,force_A,agilite,endurance,id_P) values (46,"Nakamura","Ren","M",72,45,68,3);
insert into ATHLETE(id_A,nom_A,prenom_A,sexe_A,force_A,agilite,endurance,id_P) values (47,"Kobayashi","Kaito","M",58,25,47,3);
insert into ATHLETE(id_A,nom_A,prenom_A,sexe_A,force_A,agilite,endurance,id_P) values (48,"Saito","Yuki","M",67,30,59,3);
insert into ATHLETE(id_A,nom_A,prenom_A,sexe_A,force_A,agilite,endurance,id_P) values (49,"Matsumoto","Ren","M",71,52,80,3);
insert into ATHLETE(id_A,nom_A,prenom_A,sexe_A,force_A,agilite,endurance,id_P) values (50,"Inoue","Taro","M",85,74,97,3);
insert into ATHLETE(id_A,nom_A,prenom_A,sexe_A,force_A,agilite,endurance,id_P) values (51,"Tanaka","Airi","F",58,67,75,3);
insert into ATHLETE(id_A,nom_A,prenom_A,sexe_A,force_A,agilite,endurance,id_P) values (52,"Yamada","Hina","F",47,80,69,3);
insert into ATHLETE(id_A,nom_A,prenom_A,sexe_A,force_A,agilite,endurance,id_P) values (53,"Sato","Yui","F",36,93,52,3);
insert into ATHLETE(id_A,nom_A,prenom_A,sexe_A,force_A,agilite,endurance,id_P) values (54,"Watanabe","Mio","F",75,79,83,3);
insert into ATHLETE(id_A,nom_A,prenom_A,sexe_A,force_A,agilite,endurance,id_P) values (55,"Ito","Yui","F",69,49,91,3);
insert into ATHLETE(id_A,nom_A,prenom_A,sexe_A,force_A,agilite,endurance,id_P) values (56,"Nakamura","Riko","F",57,88,75,3);
insert into ATHLETE(id_A,nom_A,prenom_A,sexe_A,force_A,agilite,endurance,id_P) values (57,"Kobayashi","Kana","F",80,60,15,3);
insert into ATHLETE(id_A,nom_A,prenom_A,sexe_A,force_A,agilite,endurance,id_P) values (58,"Saito","Mai","F",63,71,53,3);
insert into ATHLETE(id_A,nom_A,prenom_A,sexe_A,force_A,agilite,endurance,id_P) values (59,"Yamamoto","Rin","F",54,68,62,3);
insert into ATHLETE(id_A,nom_A,prenom_A,sexe_A,force_A,agilite,endurance,id_P) values (60,"Inoue","Mika","F",61,83,49,3);

insert into ATHLETE(id_A,nom_A,prenom_A,sexe_A,force_A,agilite,endurance,id_P) values (61,"Johnson","Michael","M",63,45,72,4);
insert into ATHLETE(id_A,nom_A,prenom_A,sexe_A,force_A,agilite,endurance,id_P) values (62,"Williams","James","M",42,58,88,4);
insert into ATHLETE(id_A,nom_A,prenom_A,sexe_A,force_A,agilite,endurance,id_P) values (63,"Brown","Christopher","M",79,67,95,4);
insert into ATHLETE(id_A,nom_A,prenom_A,sexe_A,force_A,agilite,endurance,id_P) values (64,"Jones","Matthew","M",90,30,63,4);
insert into ATHLETE(id_A,nom_A,prenom_A,sexe_A,force_A,agilite,endurance,id_P) values (65,"Miller","Jessica","M",81,85,72,4);
insert into ATHLETE(id_A,nom_A,prenom_A,sexe_A,force_A,agilite,endurance,id_P) values (66,"Davis","Emily","M",72,45,68,4);
insert into ATHLETE(id_A,nom_A,prenom_A,sexe_A,force_A,agilite,endurance,id_P) values (67,"Garcia","Daniel","M",58,25,47,4);
insert into ATHLETE(id_A,nom_A,prenom_A,sexe_A,force_A,agilite,endurance,id_P) values (68,"Rodriguez","Emma","M",67,30,59,4);
insert into ATHLETE(id_A,nom_A,prenom_A,sexe_A,force_A,agilite,endurance,id_P) values (69,"Martinez","Andrew","M",71,52,80,4);
insert into ATHLETE(id_A,nom_A,prenom_A,sexe_A,force_A,agilite,endurance,id_P) values (70,"Hernandez","Madison","M",85,74,97,4);
insert into ATHLETE(id_A,nom_A,prenom_A,sexe_A,force_A,agilite,endurance,id_P) values (71,"Lopez","Olivia","F",58,67,75,4);
insert into ATHLETE(id_A,nom_A,prenom_A,sexe_A,force_A,agilite,endurance,id_P) values (72,"Gonzalez","Sophia","F",47,80,69,4);
insert into ATHLETE(id_A,nom_A,prenom_A,sexe_A,force_A,agilite,endurance,id_P) values (73,"Wilson","Isabella","F",36,93,52,4);
insert into ATHLETE(id_A,nom_A,prenom_A,sexe_A,force_A,agilite,endurance,id_P) values (74,"Anderson","Ethan","F",75,79,83,4);
insert into ATHLETE(id_A,nom_A,prenom_A,sexe_A,force_A,agilite,endurance,id_P) values (75,"Thomas","Olivia","F",69,49,91,4);
insert into ATHLETE(id_A,nom_A,prenom_A,sexe_A,force_A,agilite,endurance,id_P) values (76,"Taylor","Ava","F",57,88,75,4);
insert into ATHLETE(id_A,nom_A,prenom_A,sexe_A,force_A,agilite,endurance,id_P) values (77,"Moore","Charlotte","F",80,60,15,4);
insert into ATHLETE(id_A,nom_A,prenom_A,sexe_A,force_A,agilite,endurance,id_P) values (78,"Jackson","Mia","F",63,71,53,4);
insert into ATHLETE(id_A,nom_A,prenom_A,sexe_A,force_A,agilite,endurance,id_P) values (79,"White","Emily","F",54,68,62,4);
insert into ATHLETE(id_A,nom_A,prenom_A,sexe_A,force_A,agilite,endurance,id_P) values (80,"Harris","Grace","F",61,83,49,4);

insert into ATHLETE(id_A,nom_A,prenom_A,sexe_A,force_A,agilite,endurance,id_P) values (81,"Ivanov","Sergei","M",63,45,72,5);
insert into ATHLETE(id_A,nom_A,prenom_A,sexe_A,force_A,agilite,endurance,id_P) values (82,"Petrov","Anastasia","F",42,58,88,5);
insert into ATHLETE(id_A,nom_A,prenom_A,sexe_A,force_A,agilite,endurance,id_P) values (83,"Smirnov","Dmitry","M",79,67,95,5);
insert into ATHLETE(id_A,nom_A,prenom_A,sexe_A,force_A,agilite,endurance,id_P) values (84,"Popov","Natalia","F",90,30,63,5);
insert into ATHLETE(id_A,nom_A,prenom_A,sexe_A,force_A,agilite,endurance,id_P) values (85,"Kuznetsov","Yulia","F",81,85,72,5);
insert into ATHLETE(id_A,nom_A,prenom_A,sexe_A,force_A,agilite,endurance,id_P) values (86,"Volkov","Maria","F",72,45,68,5);
insert into ATHLETE(id_A,nom_A,prenom_A,sexe_A,force_A,agilite,endurance,id_P) values (87,"Sokolov","Irina","F",58,25,47,5);
insert into ATHLETE(id_A,nom_A,prenom_A,sexe_A,force_A,agilite,endurance,id_P) values (88,"Lebedev","Pavel","M",67,30,59,5);
insert into ATHLETE(id_A,nom_A,prenom_A,sexe_A,force_A,agilite,endurance,id_P) values (89,"Kozlov","Elena","F",71,52,80,5);
insert into ATHLETE(id_A,nom_A,prenom_A,sexe_A,force_A,agilite,endurance,id_P) values (90,"Novikov","Yana","F",85,74,97,5);
insert into ATHLETE(id_A,nom_A,prenom_A,sexe_A,force_A,agilite,endurance,id_P) values (91,"Morozov","Andrei","M",58,67,75,5);
insert into ATHLETE(id_A,nom_A,prenom_A,sexe_A,force_A,agilite,endurance,id_P) values (92,"Kovalenko","Natalia","F",47,80,69,5);
insert into ATHLETE(id_A,nom_A,prenom_A,sexe_A,force_A,agilite,endurance,id_P) values (93,"Vasilyev","Ekaterina","F",36,93,52,5);
insert into ATHLETE(id_A,nom_A,prenom_A,sexe_A,force_A,agilite,endurance,id_P) values (94,"Bogdanov","Alexei","M",75,79,83,5);
insert into ATHLETE(id_A,nom_A,prenom_A,sexe_A,force_A,agilite,endurance,id_P) values (95,"Voronin","Anna","F",69,49,91,5);
insert into ATHLETE(id_A,nom_A,prenom_A,sexe_A,force_A,agilite,endurance,id_P) values (96,"Romanov","Oksana","F",57,88,75,5);
insert into ATHLETE(id_A,nom_A,prenom_A,sexe_A,force_A,agilite,endurance,id_P) values (97,"Fedorov","Natalia","F",80,60,15,5);
insert into ATHLETE(id_A,nom_A,prenom_A,sexe_A,force_A,agilite,endurance,id_P) values (98,"Mikhailov","Svetlana","F",63,71,53,5);
insert into ATHLETE(id_A,nom_A,prenom_A,sexe_A,force_A,agilite,endurance,id_P) values (99,"Pavlov","Olga","F",54,68,62,5);
insert into ATHLETE(id_A,nom_A,prenom_A,sexe_A,force_A,agilite,endurance,id_P) values (100,"Semyonov","Maria","F",61,83,49,5);

insert into ATHLETE(id_A,nom_A,prenom_A,sexe_A,force_A,agilite,endurance,id_P) values (101,"Smith","James","M",63,45,72,6);
insert into ATHLETE(id_A,nom_A,prenom_A,sexe_A,force_A,agilite,endurance,id_P) values (102,"Johnson","Emily","F",42,58,88,6);
insert into ATHLETE(id_A,nom_A,prenom_A,sexe_A,force_A,agilite,endurance,id_P) values (103,"Williams","David","M",79,67,95,6);
insert into ATHLETE(id_A,nom_A,prenom_A,sexe_A,force_A,agilite,endurance,id_P) values (104,"Brown","Sarah","F",90,30,63,6);
insert into ATHLETE(id_A,nom_A,prenom_A,sexe_A,force_A,agilite,endurance,id_P) values (105,"Jones","Michael","M",81,85,72,6);
insert into ATHLETE(id_A,nom_A,prenom_A,sexe_A,force_A,agilite,endurance,id_P) values (106,"Davis","Jessica","F",72,45,68,6);
insert into ATHLETE(id_A,nom_A,prenom_A,sexe_A,force_A,agilite,endurance,id_P) values (107,"Garcia","Daniel","M",58,25,47,6);
insert into ATHLETE(id_A,nom_A,prenom_A,sexe_A,force_A,agilite,endurance,id_P) values (108,"Rodriguez","Emma","F",67,30,59,6);
insert into ATHLETE(id_A,nom_A,prenom_A,sexe_A,force_A,agilite,endurance,id_P) values (109,"Martinez","Andrew","M",71,52,80,6);
insert into ATHLETE(id_A,nom_A,prenom_A,sexe_A,force_A,agilite,endurance,id_P) values (110,"Hernandez","Madison","F",85,74,97,6);
insert into ATHLETE(id_A,nom_A,prenom_A,sexe_A,force_A,agilite,endurance,id_P) values (111,"Lopez","Olivia","F",58,67,75,6);
insert into ATHLETE(id_A,nom_A,prenom_A,sexe_A,force_A,agilite,endurance,id_P) values (112,"Gonzalez","Sophia","F",47,80,69,6);
insert into ATHLETE(id_A,nom_A,prenom_A,sexe_A,force_A,agilite,endurance,id_P) values (113,"Wilson","Isabella","F",36,93,52,6);
insert into ATHLETE(id_A,nom_A,prenom_A,sexe_A,force_A,agilite,endurance,id_P) values (114,"Anderson","Ethan","M",75,79,83,6);
insert into ATHLETE(id_A,nom_A,prenom_A,sexe_A,force_A,agilite,endurance,id_P) values (115,"Thomas","Olivia","F",69,49,91,6);
insert into ATHLETE(id_A,nom_A,prenom_A,sexe_A,force_A,agilite,endurance,id_P) values (116,"Taylor","Ava","F",57,88,75,6);
insert into ATHLETE(id_A,nom_A,prenom_A,sexe_A,force_A,agilite,endurance,id_P) values (117,"Moore","Charlotte","F",80,60,15,6);
insert into ATHLETE(id_A,nom_A,prenom_A,sexe_A,force_A,agilite,endurance,id_P) values (118,"Jackson","Mia","F",63,71,53,6);
insert into ATHLETE(id_A,nom_A,prenom_A,sexe_A,force_A,agilite,endurance,id_P) values (119,"White","Emily","F",54,68,62,6);
insert into ATHLETE(id_A,nom_A,prenom_A,sexe_A,force_A,agilite,endurance,id_P) values (120,"Harris","Grace","F",61,83,49,6);


insert into EQUIPE(id_E,nom_E) values(1,"France Natation 4x100m nage libre relais femmes");
insert into EQUIPE(id_E,nom_E) values(2,"France Natation 4x100m nage libre relais hommes");
insert into EQUIPE(id_E,nom_E) values(3,"France Natation 100m brasse femmes");
insert into EQUIPE(id_E,nom_E) values(4,"France Natation 100m brasse hommes");
insert into EQUIPE(id_E,nom_E) values(5,"France Handball hommes");
insert into EQUIPE(id_E,nom_E) values(6,"France Handball femmes");
insert into EQUIPE(id_E,nom_E) values(7,"France Volley-ball femmes");
insert into EQUIPE(id_E,nom_E) values(8,"France Volley-ball hommes");
insert into EQUIPE(id_E,nom_E) values(9,"France Escrime fleuret femmes");
insert into EQUIPE(id_E,nom_E) values(10,"France Escrime fleuret hommes");
insert into EQUIPE(id_E,nom_E) values(11,"France Escrime épée femmes");
insert into EQUIPE(id_E,nom_E) values(12,"France Escrime épée hommes");
insert into EQUIPE(id_E,nom_E) values(13,"France Athlétisme 110m haies femmes");
insert into EQUIPE(id_E,nom_E) values(14,"France Athlétisme 110m haies hommes");
insert into EQUIPE(id_E,nom_E) values(15,"France Athlétisme 4x100m relais hommes");
insert into EQUIPE(id_E,nom_E) values(16,"France Athlétisme 4x100m relais femmes");


insert into EQUIPE(id_E,nom_E) values(17,"Chine Natation 4x100m nage libre relais femmes");
insert into EQUIPE(id_E,nom_E) values(18,"Chine Natation 4x100m nage libre relais hommes");
insert into EQUIPE(id_E,nom_E) values(19,"Chine Natation 100m brasse femmes");
insert into EQUIPE(id_E,nom_E) values(20,"Chine Natation 100m brasse hommes");
insert into EQUIPE(id_E,nom_E) values(21,"Chine Handball hommes");
insert into EQUIPE(id_E,nom_E) values(22,"Chine Handball femmes");
insert into EQUIPE(id_E,nom_E) values(23,"Chine Volley-ball femmes");
insert into EQUIPE(id_E,nom_E) values(24,"Chine Volley-ball hommes");
insert into EQUIPE(id_E,nom_E) values(25,"Chine Escrime fleuret femmes");
insert into EQUIPE(id_E,nom_E) values(26,"Chine Escrime fleuret hommes");
insert into EQUIPE(id_E,nom_E) values(27,"Chine Escrime épée femmes");
insert into EQUIPE(id_E,nom_E) values(28,"Chine Escrime épée hommes");
insert into EQUIPE(id_E,nom_E) values(29,"Chine Athlétisme 110m haies femmes");
insert into EQUIPE(id_E,nom_E) values(30,"Chine Athlétisme 110m haies hommes");
insert into EQUIPE(id_E,nom_E) values(31,"Chine Athlétisme 4x100m relais hommes");
insert into EQUIPE(id_E,nom_E) values(32,"Chine Athlétisme 4x100m relais femmes");


insert into EQUIPE(id_E,nom_E) values(33,"Japon Natation 4x100m nage libre relais femmes");
insert into EQUIPE(id_E,nom_E) values(34,"Japon Natation 4x100m nage libre relais hommes");
insert into EQUIPE(id_E,nom_E) values(35,"Japon Natation 100m brasse femmes");
insert into EQUIPE(id_E,nom_E) values(36,"Japon Natation 100m brasse hommes");
insert into EQUIPE(id_E,nom_E) values(37,"Japon Handball hommes");
insert into EQUIPE(id_E,nom_E) values(38,"Japon Handball femmes");
insert into EQUIPE(id_E,nom_E) values(39,"Japon Volley-ball femmes");
insert into EQUIPE(id_E,nom_E) values(40,"Japon Volley-ball hommes");
insert into EQUIPE(id_E,nom_E) values(41,"Japon Escrime fleuret femmes");
insert into EQUIPE(id_E,nom_E) values(42,"Japon Escrime fleuret hommes");
insert into EQUIPE(id_E,nom_E) values(43,"Japon Escrime épée femmes");
insert into EQUIPE(id_E,nom_E) values(44,"Japon Escrime épée hommes");
insert into EQUIPE(id_E,nom_E) values(45,"Japon Athlétisme 110m haies femmes");
insert into EQUIPE(id_E,nom_E) values(46,"Japon Athlétisme 110m haies hommes");
insert into EQUIPE(id_E,nom_E) values(47,"Japon Athlétisme 4x100m relais hommes");
insert into EQUIPE(id_E,nom_E) values(48,"Japon Athlétisme 4x100m relais femmes");


insert into EQUIPE(id_E,nom_E) values(49,"États-Unis Natation 4x100m nage libre relais femmes");
insert into EQUIPE(id_E,nom_E) values(50,"États-Unis Natation 4x100m nage libre relais hommes");
insert into EQUIPE(id_E,nom_E) values(51,"États-Unis Natation 100m brasse femmes");
insert into EQUIPE(id_E,nom_E) values(52,"États-Unis Natation 100m brasse hommes");
insert into EQUIPE(id_E,nom_E) values(53,"États-Unis Handball hommes");
insert into EQUIPE(id_E,nom_E) values(54,"États-Unis Handball femmes");
insert into EQUIPE(id_E,nom_E) values(55,"États-Unis Volley-ball femmes");
insert into EQUIPE(id_E,nom_E) values(56,"États-Unis Volley-ball hommes");
insert into EQUIPE(id_E,nom_E) values(57,"États-Unis Escrime fleuret femmes");
insert into EQUIPE(id_E,nom_E) values(58,"États-Unis Escrime fleuret hommes");
insert into EQUIPE(id_E,nom_E) values(59,"États-Unis Escrime épée femmes");
insert into EQUIPE(id_E,nom_E) values(60,"États-Unis Escrime épée hommes");
insert into EQUIPE(id_E,nom_E) values(61,"États-Unis Athlétisme 110m haies femmes");
insert into EQUIPE(id_E,nom_E) values(62,"États-Unis Athlétisme 110m haies hommes");
insert into EQUIPE(id_E,nom_E) values(63,"États-Unis Athlétisme 4x100m relais hommes");
insert into EQUIPE(id_E,nom_E) values(64,"États-Unis Athlétisme 4x100m relais femmes");


insert into EQUIPE(id_E,nom_E) values(65,"RDC Natation 4x100m nage libre relais femmes");
insert into EQUIPE(id_E,nom_E) values(66,"RDC Natation 4x100m nage libre relais hommes");
insert into EQUIPE(id_E,nom_E) values(67,"RDC Natation 100m brasse femmes");
insert into EQUIPE(id_E,nom_E) values(68,"RDC Natation 100m brasse hommes");
insert into EQUIPE(id_E,nom_E) values(69,"RDC Handball hommes");
insert into EQUIPE(id_E,nom_E) values(70,"RDC Handball femmes");
insert into EQUIPE(id_E,nom_E) values(71,"RDC Volley-ball femmes");
insert into EQUIPE(id_E,nom_E) values(72,"RDC Volley-ball hommes");
insert into EQUIPE(id_E,nom_E) values(73,"RDC Escrime fleuret femmes");
insert into EQUIPE(id_E,nom_E) values(74,"RDC Escrime fleuret hommes");
insert into EQUIPE(id_E,nom_E) values(75,"RDC Escrime épée femmes");
insert into EQUIPE(id_E,nom_E) values(76,"RDC Escrime épée hommes");
insert into EQUIPE(id_E,nom_E) values(77,"RDC Athlétisme 110m haies femmes");
insert into EQUIPE(id_E,nom_E) values(78,"RDC Athlétisme 110m haies hommes");
insert into EQUIPE(id_E,nom_E) values(79,"RDC Athlétisme 4x100m relais hommes");
insert into EQUIPE(id_E,nom_E) values(80,"RDC Athlétisme 4x100m relais femmes");


insert into EQUIPE(id_E, nom_E) values(81, "Grande-Bretagne Natation 4x100m nage libre relais femmes");
insert into EQUIPE(id_E, nom_E) values(82, "Grande-Bretagne Natation 4x100m nage libre relais hommes");
insert into EQUIPE(id_E, nom_E) values(83, "Grande-Bretagne Natation 100m brasse femmes");
insert into EQUIPE(id_E, nom_E) values(84, "Grande-Bretagne Natation 100m brasse hommes");
insert into EQUIPE(id_E, nom_E) values(85, "Grande-Bretagne Handball hommes");
insert into EQUIPE(id_E, nom_E) values(86, "Grande-Bretagne Handball femmes");
insert into EQUIPE(id_E, nom_E) values(87, "Grande-Bretagne Volley-ball femmes");
insert into EQUIPE(id_E, nom_E) values(88, "Grande-Bretagne Volley-ball hommes");
insert into EQUIPE(id_E, nom_E) values(89, "Grande-Bretagne Escrime fleuret femmes");
insert into EQUIPE(id_E, nom_E) values(90, "Grande-Bretagne Escrime fleuret hommes");
insert into EQUIPE(id_E, nom_E) values(91, "Grande-Bretagne Escrime épée femmes");
insert into EQUIPE(id_E, nom_E) values(92, "Grande-Bretagne Escrime épée hommes");
insert into EQUIPE(id_E, nom_E) values(93, "Grande-Bretagne Athlétisme 110m haies femmes");
insert into EQUIPE(id_E, nom_E) values(94, "Grande-Bretagne Athlétisme 110m haies hommes");
insert into EQUIPE(id_E, nom_E) values(95, "Grande-Bretagne Athlétisme 4x100m relais hommes");
insert into EQUIPE(id_E, nom_E) values(96, "Grande-Bretagne Athlétisme 4x100m relais femmes");

insert into EPREUVE(id_Ep,nom,categorie,id_S) values(1,"Natation 100m brasse","hommes",1);

